[2m00:32:44[22m [31m[1m[vite][22m[39m [31m[2m(client)[22m[39m Pre-transform error: D:\Learning\Javaaa\Learn_Backend\Spring_WebFlux\appp\social_media_FE\src\story\StoryCreatorStudio.tsx: Unexpected token, expected ";" (22:7)

[0m [90m 20 |[39m
 [90m 21 |[39m type [33mMusicDto[39m [33m=[39m {
[31m[1m>[22m[39m[90m 22 |[39m [36mimport[39m [32m"./StoryCreatorStudio.css"[39m[33m;[39m
 [90m    |[39m        [31m[1m^[22m[39m
 [90m 23 |[39m   id[33m:[39m string[33m;[39m
 [90m 24 |[39m   displayName[33m:[39m string[33m;[39m
 [90m 25 |[39m   singleName[33m?[39m[33m:[39m string [33m|[39m [36mnull[39m[33m;[39m[0m
  Plugin: [35mvite:react-babel[39m
  File: [36mD:/Learning/Javaaa/Learn_Backend/Spring_WebFlux/appp/social_media_FE/src/story/StoryCreatorStudio.tsx[39m:22:7
[33m  20 |  
  21 |  type MusicDto = {
  22 |  import "./StoryCreatorStudio.css";
     |         ^
  23 |    id: string;
  24 |    displayName: string;[39m
[2m00:32:44[22m [31m[1m[vite][22m[39m [31mInternal server error: D:\Learning\Javaaa\Learn_Backend\Spring_WebFlux\appp\social_media_FE\src\story\StoryCreatorStudio.tsx: Unexpected token, expected ";" (22:7)

[0m [90m 20 |[31m
 [90m 21 |[31m type [33mMusicDto[31m [33m=[31m {
[31m[1m>[22m[31m[90m 22 |[31m [36mimport[31m [32m"./StoryCreatorStudio.css"[31m[33m;[31m
 [90m    |[31m        [31m[1m^[22m[31m
 [90m 23 |[31m   id[33m:[31m string[33m;[31m
 [90m 24 |[31m   displayName[33m:[31m string[33m;[31m
 [90m 25 |[31m   singleName[33m?[31m[33m:[31m string [33m|[31m [36mnull[31m[33m;[31m[0m[39m
  Plugin: [35mvite:react-babel[39m
  File: [36mD:/Learning/Javaaa/Learn_Backend/Spring_WebFlux/appp/social_media_FE/src/story/StoryCreatorStudio.tsx[39m:22:7
[33m  20 |  
  21 |  type MusicDto = {
  22 |  import "./StoryCreatorStudio.css";
     |         ^
  23 |    id: string;
  24 |    displayName: string;[39m
      at constructor (D:\Learning\Javaaa\Learn_Backend\Spring_WebFlux\appp\social_media_FE\node_modules\@babel\parser\lib\index.js:365:19)
      at TypeScriptParserMixin.raise (D:\Learning\Javaaa\Learn_Backend\Spring_WebFlux\appp\social_media_FE\node_modules\@babel\parser\lib\index.js:6616:19)
      at TypeScriptParserMixin.unexpected (D:\Learning\Javaaa\Learn_Backend\Spring_WebFlux\appp\social_media_FE\node_modules\@babel\parser\lib\index.js:6636:16)
      at TypeScriptParserMixin.expect (D:\Learning\Javaaa\Learn_Backend\Spring_WebFlux\appp\social_media_FE\node_modules\@babel\parser\lib\index.js:6916:12)
      at TypeScriptParserMixin.tsParseTypeMemberSemicolon (D:\Learning\Javaaa\Learn_Backend\Spring_WebFlux\appp\social_media_FE\node_modules\@babel\parser\lib\index.js:8124:12)
      at TypeScriptParserMixin.tsParsePropertyOrMethodSignature (D:\Learning\Javaaa\Learn_Backend\Spring_WebFlux\appp\social_media_FE\node_modules\@babel\parser\lib\index.js:8203:12)
      at TypeScriptParserMixin.tsParseTypeMember (D:\Learning\Javaaa\Learn_Backend\Spring_WebFlux\appp\social_media_FE\node_modules\@babel\parser\lib\index.js:8238:17)
      at TypeScriptParserMixin.tsParseList (D:\Learning\Javaaa\Learn_Backend\Spring_WebFlux\appp\social_media_FE\node_modules\@babel\parser\lib\index.js:7895:19)
      at TypeScriptParserMixin.tsParseObjectTypeMembers (D:\Learning\Javaaa\Learn_Backend\Spring_WebFlux\appp\social_media_FE\node_modules\@babel\parser\lib\index.js:8247:26)
      at TypeScriptParserMixin.tsParseTypeLiteral (D:\Learning\Javaaa\Learn_Backend\Spring_WebFlux\appp\social_media_FE\node_modules\@babel\parser\lib\index.js:8242:25)
      at TypeScriptParserMixin.tsParseNonArrayType (D:\Learning\Javaaa\Learn_Backend\Spring_WebFlux\appp\social_media_FE\node_modules\@babel\parser\lib\index.js:8457:106)
      at TypeScriptParserMixin.tsParseArrayTypeOrHigher (D:\Learning\Javaaa\Learn_Backend\Spring_WebFlux\appp\social_media_FE\node_modules\@babel\parser\lib\index.js:8487:21)
      at D:\Learning\Javaaa\Learn_Backend\Spring_WebFlux\appp\social_media_FE\node_modules\@babel\parser\lib\index.js:8543:158
      at TypeScriptParserMixin.tsInAllowConditionalTypesContext (D:\Learning\Javaaa\Learn_Backend\Spring_WebFlux\appp\social_media_FE\node_modules\@babel\parser\lib\index.js:8832:14)
      at TypeScriptParserMixin.tsParseTypeOperatorOrHigher (D:\Learning\Javaaa\Learn_Backend\Spring_WebFlux\appp\social_media_FE\node_modules\@babel\parser\lib\index.js:8543:114)
      at TypeScriptParserMixin.tsParseUnionOrIntersectionType (D:\Learning\Javaaa\Learn_Backend\Spring_WebFlux\appp\social_media_FE\node_modules\@babel\parser\lib\index.js:8550:18)
      at TypeScriptParserMixin.tsParseIntersectionTypeOrHigher (D:\Learning\Javaaa\Learn_Backend\Spring_WebFlux\appp\social_media_FE\node_modules\@babel\parser\lib\index.js:8559:17)
      at TypeScriptParserMixin.tsParseUnionOrIntersectionType (D:\Learning\Javaaa\Learn_Backend\Spring_WebFlux\appp\social_media_FE\node_modules\@babel\parser\lib\index.js:8550:18)
      at TypeScriptParserMixin.tsParseUnionTypeOrHigher (D:\Learning\Javaaa\Learn_Backend\Spring_WebFlux\appp\social_media_FE\node_modules\@babel\parser\lib\index.js:8562:17)
      at TypeScriptParserMixin.tsParseNonConditionalType (D:\Learning\Javaaa\Learn_Backend\Spring_WebFlux\appp\social_media_FE\node_modules\@babel\parser\lib\index.js:8729:17)
      at TypeScriptParserMixin.tsParseType (D:\Learning\Javaaa\Learn_Backend\Spring_WebFlux\appp\social_media_FE\node_modules\@babel\parser\lib\index.js:8704:23)
      at D:\Learning\Javaaa\Learn_Backend\Spring_WebFlux\appp\social_media_FE\node_modules\@babel\parser\lib\index.js:8792:19
      at TypeScriptParserMixin.tsInType (D:\Learning\Javaaa\Learn_Backend\Spring_WebFlux\appp\social_media_FE\node_modules\@babel\parser\lib\index.js:8814:14)
      at TypeScriptParserMixin.tsParseTypeAliasDeclaration (D:\Learning\Javaaa\Learn_Backend\Spring_WebFlux\appp\social_media_FE\node_modules\@babel\parser\lib\index.js:8784:32)
      at TypeScriptParserMixin.parseStatementContent (D:\Learning\Javaaa\Learn_Backend\Spring_WebFlux\appp\social_media_FE\node_modules\@babel\parser\lib\index.js:9519:27)
      at TypeScriptParserMixin.parseStatementLike (D:\Learning\Javaaa\Learn_Backend\Spring_WebFlux\appp\social_media_FE\node_modules\@babel\parser\lib\index.js:12784:17)
      at TypeScriptParserMixin.parseModuleItem (D:\Learning\Javaaa\Learn_Backend\Spring_WebFlux\appp\social_media_FE\node_modules\@babel\parser\lib\index.js:12761:17)
      at TypeScriptParserMixin.parseBlockOrModuleBlockBody (D:\Learning\Javaaa\Learn_Backend\Spring_WebFlux\appp\social_media_FE\node_modules\@babel\parser\lib\index.js:13333:36)
      at TypeScriptParserMixin.parseBlockBody (D:\Learning\Javaaa\Learn_Backend\Spring_WebFlux\appp\social_media_FE\node_modules\@babel\parser\lib\index.js:13326:10)
      at TypeScriptParserMixin.parseProgram (D:\Learning\Javaaa\Learn_Backend\Spring_WebFlux\appp\social_media_FE\node_modules\@babel\parser\lib\index.js:12639:10)
      at TypeScriptParserMixin.parseTopLevel (D:\Learning\Javaaa\Learn_Backend\Spring_WebFlux\appp\social_media_FE\node_modules\@babel\parser\lib\index.js:12629:25)
      at TypeScriptParserMixin.parse (D:\Learning\Javaaa\Learn_Backend\Spring_WebFlux\appp\social_media_FE\node_modules\@babel\parser\lib\index.js:14505:25)
      at TypeScriptParserMixin.parse (D:\Learning\Javaaa\Learn_Backend\Spring_WebFlux\appp\social_media_FE\node_modules\@babel\parser\lib\index.js:10143:18)
      at parse (D:\Learning\Javaaa\Learn_Backend\Spring_WebFlux\appp\social_media_FE\node_modules\@babel\parser\lib\index.js:14539:38)
      at parser (D:\Learning\Javaaa\Learn_Backend\Spring_WebFlux\appp\social_media_FE\node_modules\@babel\core\lib\parser\index.js:41:34)
      at parser.next (<anonymous>)
      at normalizeFile (D:\Learning\Javaaa\Learn_Backend\Spring_WebFlux\appp\social_media_FE\node_modules\@babel\core\lib\transformation\normalize-file.js:51:37)
      at normalizeFile.next (<anonymous>)
      at run (D:\Learning\Javaaa\Learn_Backend\Spring_WebFlux\appp\social_media_FE\node_modules\@babel\core\lib\transformation\index.js:22:50)
      at run.next (<anonymous>)
      at transform (D:\Learning\Javaaa\Learn_Backend\Spring_WebFlux\appp\social_media_FE\node_modules\@babel\core\lib\transform.js:22:33)
      at transform.next (<anonymous>)
      at step (D:\Learning\Javaaa\Learn_Backend\Spring_WebFlux\appp\social_media_FE\node_modules\gensync\index.js:261:32)
      at D:\Learning\Javaaa\Learn_Backend\Spring_WebFlux\appp\social_media_FE\node_modules\gensync\index.js:273:13
      at async.call.result.err.err (D:\Learning\Javaaa\Learn_Backend\Spring_WebFlux\appp\social_media_FE\node_modules\gensync\index.js:223:11)
      at D:\Learning\Javaaa\Learn_Backend\Spring_WebFlux\appp\social_media_FE\node_modules\gensync\index.js:189:28
      at D:\Learning\Javaaa\Learn_Backend\Spring_WebFlux\appp\social_media_FE\node_modules\@babel\core\lib\gensync-utils\async.js:67:7
      at D:\Learning\Javaaa\Learn_Backend\Spring_WebFlux\appp\social_media_FE\node_modules\gensync\index.js:113:33
      at step (D:\Learning\Javaaa\Learn_Backend\Spring_WebFlux\appp\social_media_FE\node_modules\gensync\index.js:287:14)
      at D:\Learning\Javaaa\Learn_Backend\Spring_WebFlux\appp\social_media_FE\node_modules\gensync\index.js:273:13
[2m00:32:44[22m [31m[1m[vite][22m[39m [31mInternal server error: D:\Learning\Javaaa\Learn_Backend\Spring_WebFlux\appp\social_media_FE\src\story\StoryCreatorStudio.tsx: Unexpected token, expected ";" (22:7)

[0m [90m 20 |[31m
 [90m 21 |[31m type [33mMusicDto[31m [33m=[31m {
[31m[1m>[22m[31m[90m 22 |[31m [36mimport[31m [32m"./StoryCreatorStudio.css"[31m[33m;[31m
 [90m    |[31m        [31m[1m^[22m[31m
 [90m 23 |[31m   id[33m:[31m string[33m;[31m
 [90m 24 |[31m   displayName[33m:[31m string[33m;[31m
 [90m 25 |[31m   singleName[33m?[31m[33m:[31m string [33m|[31m [36mnull[31m[33m;[31m[0m[39m
  Plugin: [35mvite:react-babel[39m
  File: [36mD:/Learning/Javaaa/Learn_Backend/Spring_WebFlux/appp/social_media_FE/src/story/StoryCreatorStudio.tsx[39m:22:7
[33m  20 |  
  21 |  type MusicDto = {
  22 |  import "./StoryCreatorStudio.css";
     |         ^
  23 |    id: string;
  24 |    displayName: string;[39m
      at constructor (D:\Learning\Javaaa\Learn_Backend\Spring_WebFlux\appp\social_media_FE\node_modules\@babel\parser\lib\index.js:365:19)
      at TypeScriptParserMixin.raise (D:\Learning\Javaaa\Learn_Backend\Spring_WebFlux\appp\social_media_FE\node_modules\@babel\parser\lib\index.js:6616:19)
      at TypeScriptParserMixin.unexpected (D:\Learning\Javaaa\Learn_Backend\Spring_WebFlux\appp\social_media_FE\node_modules\@babel\parser\lib\index.js:6636:16)
      at TypeScriptParserMixin.expect (D:\Learning\Javaaa\Learn_Backend\Spring_WebFlux\appp\social_media_FE\node_modules\@babel\parser\lib\index.js:6916:12)
      at TypeScriptParserMixin.tsParseTypeMemberSemicolon (D:\Learning\Javaaa\Learn_Backend\Spring_WebFlux\appp\social_media_FE\node_modules\@babel\parser\lib\index.js:8124:12)
      at TypeScriptParserMixin.tsParsePropertyOrMethodSignature (D:\Learning\Javaaa\Learn_Backend\Spring_WebFlux\appp\social_media_FE\node_modules\@babel\parser\lib\index.js:8203:12)
      at TypeScriptParserMixin.tsParseTypeMember (D:\Learning\Javaaa\Learn_Backend\Spring_WebFlux\appp\social_media_FE\node_modules\@babel\parser\lib\index.js:8238:17)
      at TypeScriptParserMixin.tsParseList (D:\Learning\Javaaa\Learn_Backend\Spring_WebFlux\appp\social_media_FE\node_modules\@babel\parser\lib\index.js:7895:19)
      at TypeScriptParserMixin.tsParseObjectTypeMembers (D:\Learning\Javaaa\Learn_Backend\Spring_WebFlux\appp\social_media_FE\node_modules\@babel\parser\lib\index.js:8247:26)
      at TypeScriptParserMixin.tsParseTypeLiteral (D:\Learning\Javaaa\Learn_Backend\Spring_WebFlux\appp\social_media_FE\node_modules\@babel\parser\lib\index.js:8242:25)
      at TypeScriptParserMixin.tsParseNonArrayType (D:\Learning\Javaaa\Learn_Backend\Spring_WebFlux\appp\social_media_FE\node_modules\@babel\parser\lib\index.js:8457:106)
      at TypeScriptParserMixin.tsParseArrayTypeOrHigher (D:\Learning\Javaaa\Learn_Backend\Spring_WebFlux\appp\social_media_FE\node_modules\@babel\parser\lib\index.js:8487:21)
      at D:\Learning\Javaaa\Learn_Backend\Spring_WebFlux\appp\social_media_FE\node_modules\@babel\parser\lib\index.js:8543:158
      at TypeScriptParserMixin.tsInAllowConditionalTypesContext (D:\Learning\Javaaa\Learn_Backend\Spring_WebFlux\appp\social_media_FE\node_modules\@babel\parser\lib\index.js:8832:14)
      at TypeScriptParserMixin.tsParseTypeOperatorOrHigher (D:\Learning\Javaaa\Learn_Backend\Spring_WebFlux\appp\social_media_FE\node_modules\@babel\parser\lib\index.js:8543:114)
      at TypeScriptParserMixin.tsParseUnionOrIntersectionType (D:\Learning\Javaaa\Learn_Backend\Spring_WebFlux\appp\social_media_FE\node_modules\@babel\parser\lib\index.js:8550:18)
      at TypeScriptParserMixin.tsParseIntersectionTypeOrHigher (D:\Learning\Javaaa\Learn_Backend\Spring_WebFlux\appp\social_media_FE\node_modules\@babel\parser\lib\index.js:8559:17)
      at TypeScriptParserMixin.tsParseUnionOrIntersectionType (D:\Learning\Javaaa\Learn_Backend\Spring_WebFlux\appp\social_media_FE\node_modules\@babel\parser\lib\index.js:8550:18)
      at TypeScriptParserMixin.tsParseUnionTypeOrHigher (D:\Learning\Javaaa\Learn_Backend\Spring_WebFlux\appp\social_media_FE\node_modules\@babel\parser\lib\index.js:8562:17)
      at TypeScriptParserMixin.tsParseNonConditionalType (D:\Learning\Javaaa\Learn_Backend\Spring_WebFlux\appp\social_media_FE\node_modules\@babel\parser\lib\index.js:8729:17)
      at TypeScriptParserMixin.tsParseType (D:\Learning\Javaaa\Learn_Backend\Spring_WebFlux\appp\social_media_FE\node_modules\@babel\parser\lib\index.js:8704:23)
      at D:\Learning\Javaaa\Learn_Backend\Spring_WebFlux\appp\social_media_FE\node_modules\@babel\parser\lib\index.js:8792:19
      at TypeScriptParserMixin.tsInType (D:\Learning\Javaaa\Learn_Backend\Spring_WebFlux\appp\social_media_FE\node_modules\@babel\parser\lib\index.js:8814:14)
      at TypeScriptParserMixin.tsParseTypeAliasDeclaration (D:\Learning\Javaaa\Learn_Backend\Spring_WebFlux\appp\social_media_FE\node_modules\@babel\parser\lib\index.js:8784:32)
      at TypeScriptParserMixin.parseStatementContent (D:\Learning\Javaaa\Learn_Backend\Spring_WebFlux\appp\social_media_FE\node_modules\@babel\parser\lib\index.js:9519:27)
      at TypeScriptParserMixin.parseStatementLike (D:\Learning\Javaaa\Learn_Backend\Spring_WebFlux\appp\social_media_FE\node_modules\@babel\parser\lib\index.js:12784:17)
      at TypeScriptParserMixin.parseModuleItem (D:\Learning\Javaaa\Learn_Backend\Spring_WebFlux\appp\social_media_FE\node_modules\@babel\parser\lib\index.js:12761:17)
      at TypeScriptParserMixin.parseBlockOrModuleBlockBody (D:\Learning\Javaaa\Learn_Backend\Spring_WebFlux\appp\social_media_FE\node_modules\@babel\parser\lib\index.js:13333:36)
      at TypeScriptParserMixin.parseBlockBody (D:\Learning\Javaaa\Learn_Backend\Spring_WebFlux\appp\social_media_FE\node_modules\@babel\parser\lib\index.js:13326:10)
      at TypeScriptParserMixin.parseProgram (D:\Learning\Javaaa\Learn_Backend\Spring_WebFlux\appp\social_media_FE\node_modules\@babel\parser\lib\index.js:12639:10)
      at TypeScriptParserMixin.parseTopLevel (D:\Learning\Javaaa\Learn_Backend\Spring_WebFlux\appp\social_media_FE\node_modules\@babel\parser\lib\index.js:12629:25)
      at TypeScriptParserMixin.parse (D:\Learning\Javaaa\Learn_Backend\Spring_WebFlux\appp\social_media_FE\node_modules\@babel\parser\lib\index.js:14505:25)
      at TypeScriptParserMixin.parse (D:\Learning\Javaaa\Learn_Backend\Spring_WebFlux\appp\social_media_FE\node_modules\@babel\parser\lib\index.js:10143:18)
      at parse (D:\Learning\Javaaa\Learn_Backend\Spring_WebFlux\appp\social_media_FE\node_modules\@babel\parser\lib\index.js:14539:38)
      at parser (D:\Learning\Javaaa\Learn_Backend\Spring_WebFlux\appp\social_media_FE\node_modules\@babel\core\lib\parser\index.js:41:34)
      at parser.next (<anonymous>)
      at normalizeFile (D:\Learning\Javaaa\Learn_Backend\Spring_WebFlux\appp\social_media_FE\node_modules\@babel\core\lib\transformation\normalize-file.js:51:37)
      at normalizeFile.next (<anonymous>)
      at run (D:\Learning\Javaaa\Learn_Backend\Spring_WebFlux\appp\social_media_FE\node_modules\@babel\core\lib\transformation\index.js:22:50)
      at run.next (<anonymous>)
      at transform (D:\Learning\Javaaa\Learn_Backend\Spring_WebFlux\appp\social_media_FE\node_modules\@babel\core\lib\transform.js:22:33)
      at transform.next (<anonymous>)
      at step (D:\Learning\Javaaa\Learn_Backend\Spring_WebFlux\appp\social_media_FE\node_modules\gensync\index.js:261:32)
      at D:\Learning\Javaaa\Learn_Backend\Spring_WebFlux\appp\social_media_FE\node_modules\gensync\index.js:273:13
      at async.call.result.err.err (D:\Learning\Javaaa\Learn_Backend\Spring_WebFlux\appp\social_media_FE\node_modules\gensync\index.js:223:11)
      at D:\Learning\Javaaa\Learn_Backend\Spring_WebFlux\appp\social_media_FE\node_modules\gensync\index.js:189:28
      at D:\Learning\Javaaa\Learn_Backend\Spring_WebFlux\appp\social_media_FE\node_modules\@babel\core\lib\gensync-utils\async.js:67:7
      at D:\Learning\Javaaa\Learn_Backend\Spring_WebFlux\appp\social_media_FE\node_modules\gensync\index.js:113:33
      at step (D:\Learning\Javaaa\Learn_Backend\Spring_WebFlux\appp\social_media_FE\node_modules\gensync\index.js:287:14)
      at D:\Learning\Javaaa\Learn_Backend\Spring_WebFlux\appp\social_media_FE\node_modules\gensync\index.js:273:13
[2m00:32:44[22m [31m[1m[vite][22m[39m [31mInternal server error: D:\Learning\Javaaa\Learn_Backend\Spring_WebFlux\appp\social_media_FE\src\story\StoryCreatorStudio.tsx: Unexpected token, expected ";" (22:7)

[0m [90m 20 |[31m
 [90m 21 |[31m type [33mMusicDto[31m [33m=[31m {
[31m[1m>[22m[31m[90m 22 |[31m [36mimport[31m [32m"./StoryCreatorStudio.css"[31m[33m;[31m
 [90m    |[31m        [31m[1m^[22m[31m
 [90m 23 |[31m   id[33m:[31m string[33m;[31m
 [90m 24 |[31m   displayName[33m:[31m string[33m;[31m
 [90m 25 |[31m   singleName[33m?[31m[33m:[31m string [33m|[31m [36mnull[31m[33m;[31m[0m[39m
  Plugin: [35mvite:react-babel[39m
  File: [36mD:/Learning/Javaaa/Learn_Backend/Spring_WebFlux/appp/social_media_FE/src/story/StoryCreatorStudio.tsx[39m:22:7
[33m  20 |  
  21 |  type MusicDto = {
  22 |  import "./StoryCreatorStudio.css";
     |         ^
  23 |    id: string;
  24 |    displayName: string;[39m
      at constructor (D:\Learning\Javaaa\Learn_Backend\Spring_WebFlux\appp\social_media_FE\node_modules\@babel\parser\lib\index.js:365:19)
      at TypeScriptParserMixin.raise (D:\Learning\Javaaa\Learn_Backend\Spring_WebFlux\appp\social_media_FE\node_modules\@babel\parser\lib\index.js:6616:19)
      at TypeScriptParserMixin.unexpected (D:\Learning\Javaaa\Learn_Backend\Spring_WebFlux\appp\social_media_FE\node_modules\@babel\parser\lib\index.js:6636:16)
      at TypeScriptParserMixin.expect (D:\Learning\Javaaa\Learn_Backend\Spring_WebFlux\appp\social_media_FE\node_modules\@babel\parser\lib\index.js:6916:12)
      at TypeScriptParserMixin.tsParseTypeMemberSemicolon (D:\Learning\Javaaa\Learn_Backend\Spring_WebFlux\appp\social_media_FE\node_modules\@babel\parser\lib\index.js:8124:12)
      at TypeScriptParserMixin.tsParsePropertyOrMethodSignature (D:\Learning\Javaaa\Learn_Backend\Spring_WebFlux\appp\social_media_FE\node_modules\@babel\parser\lib\index.js:8203:12)
      at TypeScriptParserMixin.tsParseTypeMember (D:\Learning\Javaaa\Learn_Backend\Spring_WebFlux\appp\social_media_FE\node_modules\@babel\parser\lib\index.js:8238:17)
      at TypeScriptParserMixin.tsParseList (D:\Learning\Javaaa\Learn_Backend\Spring_WebFlux\appp\social_media_FE\node_modules\@babel\parser\lib\index.js:7895:19)
      at TypeScriptParserMixin.tsParseObjectTypeMembers (D:\Learning\Javaaa\Learn_Backend\Spring_WebFlux\appp\social_media_FE\node_modules\@babel\parser\lib\index.js:8247:26)
      at TypeScriptParserMixin.tsParseTypeLiteral (D:\Learning\Javaaa\Learn_Backend\Spring_WebFlux\appp\social_media_FE\node_modules\@babel\parser\lib\index.js:8242:25)
      at TypeScriptParserMixin.tsParseNonArrayType (D:\Learning\Javaaa\Learn_Backend\Spring_WebFlux\appp\social_media_FE\node_modules\@babel\parser\lib\index.js:8457:106)
      at TypeScriptParserMixin.tsParseArrayTypeOrHigher (D:\Learning\Javaaa\Learn_Backend\Spring_WebFlux\appp\social_media_FE\node_modules\@babel\parser\lib\index.js:8487:21)
      at D:\Learning\Javaaa\Learn_Backend\Spring_WebFlux\appp\social_media_FE\node_modules\@babel\parser\lib\index.js:8543:158
      at TypeScriptParserMixin.tsInAllowConditionalTypesContext (D:\Learning\Javaaa\Learn_Backend\Spring_WebFlux\appp\social_media_FE\node_modules\@babel\parser\lib\index.js:8832:14)
      at TypeScriptParserMixin.tsParseTypeOperatorOrHigher (D:\Learning\Javaaa\Learn_Backend\Spring_WebFlux\appp\social_media_FE\node_modules\@babel\parser\lib\index.js:8543:114)
      at TypeScriptParserMixin.tsParseUnionOrIntersectionType (D:\Learning\Javaaa\Learn_Backend\Spring_WebFlux\appp\social_media_FE\node_modules\@babel\parser\lib\index.js:8550:18)
      at TypeScriptParserMixin.tsParseIntersectionTypeOrHigher (D:\Learning\Javaaa\Learn_Backend\Spring_WebFlux\appp\social_media_FE\node_modules\@babel\parser\lib\index.js:8559:17)
      at TypeScriptParserMixin.tsParseUnionOrIntersectionType (D:\Learning\Javaaa\Learn_Backend\Spring_WebFlux\appp\social_media_FE\node_modules\@babel\parser\lib\index.js:8550:18)
      at TypeScriptParserMixin.tsParseUnionTypeOrHigher (D:\Learning\Javaaa\Learn_Backend\Spring_WebFlux\appp\social_media_FE\node_modules\@babel\parser\lib\index.js:8562:17)
      at TypeScriptParserMixin.tsParseNonConditionalType (D:\Learning\Javaaa\Learn_Backend\Spring_WebFlux\appp\social_media_FE\node_modules\@babel\parser\lib\index.js:8729:17)
      at TypeScriptParserMixin.tsParseType (D:\Learning\Javaaa\Learn_Backend\Spring_WebFlux\appp\social_media_FE\node_modules\@babel\parser\lib\index.js:8704:23)
      at D:\Learning\Javaaa\Learn_Backend\Spring_WebFlux\appp\social_media_FE\node_modules\@babel\parser\lib\index.js:8792:19
      at TypeScriptParserMixin.tsInType (D:\Learning\Javaaa\Learn_Backend\Spring_WebFlux\appp\social_media_FE\node_modules\@babel\parser\lib\index.js:8814:14)
      at TypeScriptParserMixin.tsParseTypeAliasDeclaration (D:\Learning\Javaaa\Learn_Backend\Spring_WebFlux\appp\social_media_FE\node_modules\@babel\parser\lib\index.js:8784:32)
      at TypeScriptParserMixin.parseStatementContent (D:\Learning\Javaaa\Learn_Backend\Spring_WebFlux\appp\social_media_FE\node_modules\@babel\parser\lib\index.js:9519:27)
      at TypeScriptParserMixin.parseStatementLike (D:\Learning\Javaaa\Learn_Backend\Spring_WebFlux\appp\social_media_FE\node_modules\@babel\parser\lib\index.js:12784:17)
      at TypeScriptParserMixin.parseModuleItem (D:\Learning\Javaaa\Learn_Backend\Spring_WebFlux\appp\social_media_FE\node_modules\@babel\parser\lib\index.js:12761:17)
      at TypeScriptParserMixin.parseBlockOrModuleBlockBody (D:\Learning\Javaaa\Learn_Backend\Spring_WebFlux\appp\social_media_FE\node_modules\@babel\parser\lib\index.js:13333:36)
      at TypeScriptParserMixin.parseBlockBody (D:\Learning\Javaaa\Learn_Backend\Spring_WebFlux\appp\social_media_FE\node_modules\@babel\parser\lib\index.js:13326:10)
      at TypeScriptParserMixin.parseProgram (D:\Learning\Javaaa\Learn_Backend\Spring_WebFlux\appp\social_media_FE\node_modules\@babel\parser\lib\index.js:12639:10)
      at TypeScriptParserMixin.parseTopLevel (D:\Learning\Javaaa\Learn_Backend\Spring_WebFlux\appp\social_media_FE\node_modules\@babel\parser\lib\index.js:12629:25)
      at TypeScriptParserMixin.parse (D:\Learning\Javaaa\Learn_Backend\Spring_WebFlux\appp\social_media_FE\node_modules\@babel\parser\lib\index.js:14505:25)
      at TypeScriptParserMixin.parse (D:\Learning\Javaaa\Learn_Backend\Spring_WebFlux\appp\social_media_FE\node_modules\@babel\parser\lib\index.js:10143:18)
      at parse (D:\Learning\Javaaa\Learn_Backend\Spring_WebFlux\appp\social_media_FE\node_modules\@babel\parser\lib\index.js:14539:38)
      at parser (D:\Learning\Javaaa\Learn_Backend\Spring_WebFlux\appp\social_media_FE\node_modules\@babel\core\lib\parser\index.js:41:34)
      at parser.next (<anonymous>)
      at normalizeFile (D:\Learning\Javaaa\Learn_Backend\Spring_WebFlux\appp\social_media_FE\node_modules\@babel\core\lib\transformation\normalize-file.js:51:37)
      at normalizeFile.next (<anonymous>)
      at run (D:\Learning\Javaaa\Learn_Backend\Spring_WebFlux\appp\social_media_FE\node_modules\@babel\core\lib\transformation\index.js:22:50)
      at run.next (<anonymous>)
      at transform (D:\Learning\Javaaa\Learn_Backend\Spring_WebFlux\appp\social_media_FE\node_modules\@babel\core\lib\transform.js:22:33)
      at transform.next (<anonymous>)
      at step (D:\Learning\Javaaa\Learn_Backend\Spring_WebFlux\appp\social_media_FE\node_modules\gensync\index.js:261:32)
      at D:\Learning\Javaaa\Learn_Backend\Spring_WebFlux\appp\social_media_FE\node_modules\gensync\index.js:273:13
      at async.call.result.err.err (D:\Learning\Javaaa\Learn_Backend\Spring_WebFlux\appp\social_media_FE\node_modules\gensync\index.js:223:11)
      at D:\Learning\Javaaa\Learn_Backend\Spring_WebFlux\appp\social_media_FE\node_modules\gensync\index.js:189:28
      at D:\Learning\Javaaa\Learn_Backend\Spring_WebFlux\appp\social_media_FE\node_modules\@babel\core\lib\gensync-utils\async.js:67:7
      at D:\Learning\Javaaa\Learn_Backend\Spring_WebFlux\appp\social_media_FE\node_modules\gensync\index.js:113:33
      at step (D:\Learning\Javaaa\Learn_Backend\Spring_WebFlux\appp\social_media_FE\node_modules\gensync\index.js:287:14)
      at D:\Learning\Javaaa\Learn_Backend\Spring_WebFlux\appp\social_media_FE\node_modules\gensync\index.js:273:13
[2m00:32:44[22m [31m[1m[vite][22m[39m [31mInternal server error: D:\Learning\Javaaa\Learn_Backend\Spring_WebFlux\appp\social_media_FE\src\story\StoryCreatorStudio.tsx: Unexpected token, expected ";" (22:7)

[0m [90m 20 |[31m
 [90m 21 |[31m type [33mMusicDto[31m [33m=[31m {
[31m[1m>[22m[31m[90m 22 |[31m [36mimport[31m [32m"./StoryCreatorStudio.css"[31m[33m;[31m
 [90m    |[31m        [31m[1m^[22m[31m
 [90m 23 |[31m   id[33m:[31m string[33m;[31m
 [90m 24 |[31m   displayName[33m:[31m string[33m;[31m
 [90m 25 |[31m   singleName[33m?[31m[33m:[31m string [33m|[31m [36mnull[31m[33m;[31m[0m[39m
  Plugin: [35mvite:react-babel[39m
  File: [36mD:/Learning/Javaaa/Learn_Backend/Spring_WebFlux/appp/social_media_FE/src/story/StoryCreatorStudio.tsx[39m:22:7
[33m  20 |  
  21 |  type MusicDto = {
  22 |  import "./StoryCreatorStudio.css";
     |         ^
  23 |    id: string;
  24 |    displayName: string;[39m
      at constructor (D:\Learning\Javaaa\Learn_Backend\Spring_WebFlux\appp\social_media_FE\node_modules\@babel\parser\lib\index.js:365:19)
      at TypeScriptParserMixin.raise (D:\Learning\Javaaa\Learn_Backend\Spring_WebFlux\appp\social_media_FE\node_modules\@babel\parser\lib\index.js:6616:19)
      at TypeScriptParserMixin.unexpected (D:\Learning\Javaaa\Learn_Backend\Spring_WebFlux\appp\social_media_FE\node_modules\@babel\parser\lib\index.js:6636:16)
      at TypeScriptParserMixin.expect (D:\Learning\Javaaa\Learn_Backend\Spring_WebFlux\appp\social_media_FE\node_modules\@babel\parser\lib\index.js:6916:12)
      at TypeScriptParserMixin.tsParseTypeMemberSemicolon (D:\Learning\Javaaa\Learn_Backend\Spring_WebFlux\appp\social_media_FE\node_modules\@babel\parser\lib\index.js:8124:12)
      at TypeScriptParserMixin.tsParsePropertyOrMethodSignature (D:\Learning\Javaaa\Learn_Backend\Spring_WebFlux\appp\social_media_FE\node_modules\@babel\parser\lib\index.js:8203:12)
      at TypeScriptParserMixin.tsParseTypeMember (D:\Learning\Javaaa\Learn_Backend\Spring_WebFlux\appp\social_media_FE\node_modules\@babel\parser\lib\index.js:8238:17)
      at TypeScriptParserMixin.tsParseList (D:\Learning\Javaaa\Learn_Backend\Spring_WebFlux\appp\social_media_FE\node_modules\@babel\parser\lib\index.js:7895:19)
      at TypeScriptParserMixin.tsParseObjectTypeMembers (D:\Learning\Javaaa\Learn_Backend\Spring_WebFlux\appp\social_media_FE\node_modules\@babel\parser\lib\index.js:8247:26)
      at TypeScriptParserMixin.tsParseTypeLiteral (D:\Learning\Javaaa\Learn_Backend\Spring_WebFlux\appp\social_media_FE\node_modules\@babel\parser\lib\index.js:8242:25)
      at TypeScriptParserMixin.tsParseNonArrayType (D:\Learning\Javaaa\Learn_Backend\Spring_WebFlux\appp\social_media_FE\node_modules\@babel\parser\lib\index.js:8457:106)
      at TypeScriptParserMixin.tsParseArrayTypeOrHigher (D:\Learning\Javaaa\Learn_Backend\Spring_WebFlux\appp\social_media_FE\node_modules\@babel\parser\lib\index.js:8487:21)
      at D:\Learning\Javaaa\Learn_Backend\Spring_WebFlux\appp\social_media_FE\node_modules\@babel\parser\lib\index.js:8543:158
      at TypeScriptParserMixin.tsInAllowConditionalTypesContext (D:\Learning\Javaaa\Learn_Backend\Spring_WebFlux\appp\social_media_FE\node_modules\@babel\parser\lib\index.js:8832:14)
      at TypeScriptParserMixin.tsParseTypeOperatorOrHigher (D:\Learning\Javaaa\Learn_Backend\Spring_WebFlux\appp\social_media_FE\node_modules\@babel\parser\lib\index.js:8543:114)
      at TypeScriptParserMixin.tsParseUnionOrIntersectionType (D:\Learning\Javaaa\Learn_Backend\Spring_WebFlux\appp\social_media_FE\node_modules\@babel\parser\lib\index.js:8550:18)
      at TypeScriptParserMixin.tsParseIntersectionTypeOrHigher (D:\Learning\Javaaa\Learn_Backend\Spring_WebFlux\appp\social_media_FE\node_modules\@babel\parser\lib\index.js:8559:17)
      at TypeScriptParserMixin.tsParseUnionOrIntersectionType (D:\Learning\Javaaa\Learn_Backend\Spring_WebFlux\appp\social_media_FE\node_modules\@babel\parser\lib\index.js:8550:18)
      at TypeScriptParserMixin.tsParseUnionTypeOrHigher (D:\Learning\Javaaa\Learn_Backend\Spring_WebFlux\appp\social_media_FE\node_modules\@babel\parser\lib\index.js:8562:17)
      at TypeScriptParserMixin.tsParseNonConditionalType (D:\Learning\Javaaa\Learn_Backend\Spring_WebFlux\appp\social_media_FE\node_modules\@babel\parser\lib\index.js:8729:17)
      at TypeScriptParserMixin.tsParseType (D:\Learning\Javaaa\Learn_Backend\Spring_WebFlux\appp\social_media_FE\node_modules\@babel\parser\lib\index.js:8704:23)
      at D:\Learning\Javaaa\Learn_Backend\Spring_WebFlux\appp\social_media_FE\node_modules\@babel\parser\lib\index.js:8792:19
      at TypeScriptParserMixin.tsInType (D:\Learning\Javaaa\Learn_Backend\Spring_WebFlux\appp\social_media_FE\node_modules\@babel\parser\lib\index.js:8814:14)
      at TypeScriptParserMixin.tsParseTypeAliasDeclaration (D:\Learning\Javaaa\Learn_Backend\Spring_WebFlux\appp\social_media_FE\node_modules\@babel\parser\lib\index.js:8784:32)
      at TypeScriptParserMixin.parseStatementContent (D:\Learning\Javaaa\Learn_Backend\Spring_WebFlux\appp\social_media_FE\node_modules\@babel\parser\lib\index.js:9519:27)
      at TypeScriptParserMixin.parseStatementLike (D:\Learning\Javaaa\Learn_Backend\Spring_WebFlux\appp\social_media_FE\node_modules\@babel\parser\lib\index.js:12784:17)
      at TypeScriptParserMixin.parseModuleItem (D:\Learning\Javaaa\Learn_Backend\Spring_WebFlux\appp\social_media_FE\node_modules\@babel\parser\lib\index.js:12761:17)
      at TypeScriptParserMixin.parseBlockOrModuleBlockBody (D:\Learning\Javaaa\Learn_Backend\Spring_WebFlux\appp\social_media_FE\node_modules\@babel\parser\lib\index.js:13333:36)
      at TypeScriptParserMixin.parseBlockBody (D:\Learning\Javaaa\Learn_Backend\Spring_WebFlux\appp\social_media_FE\node_modules\@babel\parser\lib\index.js:13326:10)
      at TypeScriptParserMixin.parseProgram (D:\Learning\Javaaa\Learn_Backend\Spring_WebFlux\appp\social_media_FE\node_modules\@babel\parser\lib\index.js:12639:10)
      at TypeScriptParserMixin.parseTopLevel (D:\Learning\Javaaa\Learn_Backend\Spring_WebFlux\appp\social_media_FE\node_modules\@babel\parser\lib\index.js:12629:25)
      at TypeScriptParserMixin.parse (D:\Learning\Javaaa\Learn_Backend\Spring_WebFlux\appp\social_media_FE\node_modules\@babel\parser\lib\index.js:14505:25)
      at TypeScriptParserMixin.parse (D:\Learning\Javaaa\Learn_Backend\Spring_WebFlux\appp\social_media_FE\node_modules\@babel\parser\lib\index.js:10143:18)
      at parse (D:\Learning\Javaaa\Learn_Backend\Spring_WebFlux\appp\social_media_FE\node_modules\@babel\parser\lib\index.js:14539:38)
      at parser (D:\Learning\Javaaa\Learn_Backend\Spring_WebFlux\appp\social_media_FE\node_modules\@babel\core\lib\parser\index.js:41:34)
      at parser.next (<anonymous>)
      at normalizeFile (D:\Learning\Javaaa\Learn_Backend\Spring_WebFlux\appp\social_media_FE\node_modules\@babel\core\lib\transformation\normalize-file.js:51:37)
      at normalizeFile.next (<anonymous>)
      at run (D:\Learning\Javaaa\Learn_Backend\Spring_WebFlux\appp\social_media_FE\node_modules\@babel\core\lib\transformation\index.js:22:50)
      at run.next (<anonymous>)
      at transform (D:\Learning\Javaaa\Learn_Backend\Spring_WebFlux\appp\social_media_FE\node_modules\@babel\core\lib\transform.js:22:33)
      at transform.next (<anonymous>)
      at step (D:\Learning\Javaaa\Learn_Backend\Spring_WebFlux\appp\social_media_FE\node_modules\gensync\index.js:261:32)
      at D:\Learning\Javaaa\Learn_Backend\Spring_WebFlux\appp\social_media_FE\node_modules\gensync\index.js:273:13
      at async.call.result.err.err (D:\Learning\Javaaa\Learn_Backend\Spring_WebFlux\appp\social_media_FE\node_modules\gensync\index.js:223:11)
      at D:\Learning\Javaaa\Learn_Backend\Spring_WebFlux\appp\social_media_FE\node_modules\gensync\index.js:189:28
      at D:\Learning\Javaaa\Learn_Backend\Spring_WebFlux\appp\social_media_FE\node_modules\@babel\core\lib\gensync-utils\async.js:67:7
      at D:\Learning\Javaaa\Learn_Backend\Spring_WebFlux\appp\social_media_FE\node_modules\gensync\index.js:113:33
      at step (D:\Learning\Javaaa\Learn_Backend\Spring_WebFlux\appp\social_media_FE\node_modules\gensync\index.js:287:14)
      at D:\Learning\Javaaa\Learn_Backend\Spring_WebFlux\appp\social_media_FE\node_modules\gensync\index.js:273:13
[2m00:33:38[22m [31m[1m[vite][22m[39m [31m[2m(client)[22m[39m Pre-transform error: D:\Learning\Javaaa\Learn_Backend\Spring_WebFlux\appp\social_media_FE\src\story\StoryCreatorStudio.tsx: Unexpected token, expected ";" (22:7)

[0m [90m 20 |[39m
 [90m 21 |[39m type [33mMusicDto[39m [33m=[39m {
[31m[1m>[22m[39m[90m 22 |[39m [36mimport[39m [32m"./StoryCreatorStudio.css"[39m[33m;[39m
 [90m    |[39m        [31m[1m^[22m[39m
 [90m 23 |[39m   id[33m:[39m string[33m;[39m
 [90m 24 |[39m   displayName[33m:[39m string[33m;[39m
 [90m 25 |[39m   singleName[33m?[39m[33m:[39m string [33m|[39m [36mnull[39m[33m;[39m[0m
  Plugin: [35mvite:react-babel[39m
  File: [36mD:/Learning/Javaaa/Learn_Backend/Spring_WebFlux/appp/social_media_FE/src/story/StoryCreatorStudio.tsx[39m:22:7
[33m  20 |  
  21 |  type MusicDto = {
  22 |  import "./StoryCreatorStudio.css";
     |         ^
  23 |    id: string;
  24 |    displayName: string;[39m
[2m00:33:57[22m [31m[1m[vite][22m[39m [31m[2m(client)[22m[39m Pre-transform error: D:\Learning\Javaaa\Learn_Backend\Spring_WebFlux\appp\social_media_FE\src\story\StoryCreatorStudio.tsx: Unexpected token, expected ";" (22:7)

[0m [90m 20 |[39m
 [90m 21 |[39m type [33mMusicDto[39m [33m=[39m {
[31m[1m>[22m[39m[90m 22 |[39m [36mimport[39m [32m"./StoryCreatorStudio.css"[39m[33m;[39m
 [90m    |[39m        [31m[1m^[22m[39m
 [90m 23 |[39m   id[33m:[39m string[33m;[39m
 [90m 24 |[39m   displayName[33m:[39m string[33m;[39m
 [90m 25 |[39m   singleName[33m?[39m[33m:[39m string [33m|[39m [36mnull[39m[33m;[39m[0m
  Plugin: [35mvite:react-babel[39m
  File: [36mD:/Learning/Javaaa/Learn_Backend/Spring_WebFlux/appp/social_media_FE/src/story/StoryCreatorStudio.tsx[39m:22:7
[33m  20 |  
  21 |  type MusicDto = {
  22 |  import "./StoryCreatorStudio.css";
     |         ^
  23 |    id: string;
  24 |    displayName: string;[39m
[2m01:01:39[22m [31m[1m[vite][22m[39m [31mInternal server error: D:\Learning\Javaaa\Learn_Backend\Spring_WebFlux\appp\social_media_FE\src\PostCreationStudio.tsx: Unexpected token (664:1)

[0m [90m 662 |[31m   [36mconst[31m [title[33m,[31m detail] [33m=[31m copy[status][33m;[31m
 [90m 663 |[31m   [36mreturn[31m [33m<[31m[33mdiv[31m className[33m=[31m[32m"create-status"[31m[33m>[31m[33m<[31m[33mstrong[31m[33m>[31m{title}[33m<[31m[33m/[31m[33mstrong[31m[33m>[31m[33m<[31m[33mspan[31m[33m>[31m{detail}[33m<[31m[33m/[31m[33mspan[31m[33m>[31m[33m<[31m[33m/[31m[33mdiv[31m[33m>[31m[33m;[31m
[31m[1m>[22m[31m[90m 664 |[31m }
 [90m     |[31m  [31m[1m^[22m[31m[0m[39m
  Plugin: [35mvite:react-babel[39m
  File: [36mD:/Learning/Javaaa/Learn_Backend/Spring_WebFlux/appp/social_media_FE/src/PostCreationStudio.tsx[39m:664:1
      at constructor (D:\Learning\Javaaa\Learn_Backend\Spring_WebFlux\appp\social_media_FE\node_modules\@babel\parser\lib\index.js:365:19)
      at TypeScriptParserMixin.raise (D:\Learning\Javaaa\Learn_Backend\Spring_WebFlux\appp\social_media_FE\node_modules\@babel\parser\lib\index.js:6616:19)
      at TypeScriptParserMixin.unexpected (D:\Learning\Javaaa\Learn_Backend\Spring_WebFlux\appp\social_media_FE\node_modules\@babel\parser\lib\index.js:6636:16)
      at TypeScriptParserMixin.parseExprAtom (D:\Learning\Javaaa\Learn_Backend\Spring_WebFlux\appp\social_media_FE\node_modules\@babel\parser\lib\index.js:11459:22)
      at TypeScriptParserMixin.parseExprAtom (D:\Learning\Javaaa\Learn_Backend\Spring_WebFlux\appp\social_media_FE\node_modules\@babel\parser\lib\index.js:4776:20)
      at TypeScriptParserMixin.parseExprSubscripts (D:\Learning\Javaaa\Learn_Backend\Spring_WebFlux\appp\social_media_FE\node_modules\@babel\parser\lib\index.js:11098:23)
      at TypeScriptParserMixin.parseUpdate (D:\Learning\Javaaa\Learn_Backend\Spring_WebFlux\appp\social_media_FE\node_modules\@babel\parser\lib\index.js:11083:21)
      at TypeScriptParserMixin.parseMaybeUnary (D:\Learning\Javaaa\Learn_Backend\Spring_WebFlux\appp\social_media_FE\node_modules\@babel\parser\lib\index.js:11063:23)
      at TypeScriptParserMixin.parseMaybeUnary (D:\Learning\Javaaa\Learn_Backend\Spring_WebFlux\appp\social_media_FE\node_modules\@babel\parser\lib\index.js:9854:18)
      at TypeScriptParserMixin.parseMaybeUnaryOrPrivate (D:\Learning\Javaaa\Learn_Backend\Spring_WebFlux\appp\social_media_FE\node_modules\@babel\parser\lib\index.js:10916:61)
      at TypeScriptParserMixin.parseExprOps (D:\Learning\Javaaa\Learn_Backend\Spring_WebFlux\appp\social_media_FE\node_modules\@babel\parser\lib\index.js:10921:23)
      at TypeScriptParserMixin.parseMaybeConditional (D:\Learning\Javaaa\Learn_Backend\Spring_WebFlux\appp\social_media_FE\node_modules\@babel\parser\lib\index.js:10898:23)
      at TypeScriptParserMixin.parseMaybeAssign (D:\Learning\Javaaa\Learn_Backend\Spring_WebFlux\appp\social_media_FE\node_modules\@babel\parser\lib\index.js:10848:21)
      at TypeScriptParserMixin.parseMaybeAssign (D:\Learning\Javaaa\Learn_Backend\Spring_WebFlux\appp\social_media_FE\node_modules\@babel\parser\lib\index.js:9803:20)
      at TypeScriptParserMixin.parseExpressionBase (D:\Learning\Javaaa\Learn_Backend\Spring_WebFlux\appp\social_media_FE\node_modules\@babel\parser\lib\index.js:10801:23)
      at D:\Learning\Javaaa\Learn_Backend\Spring_WebFlux\appp\social_media_FE\node_modules\@babel\parser\lib\index.js:10797:39
      at TypeScriptParserMixin.allowInAnd (D:\Learning\Javaaa\Learn_Backend\Spring_WebFlux\appp\social_media_FE\node_modules\@babel\parser\lib\index.js:12438:16)
      at TypeScriptParserMixin.parseExpression (D:\Learning\Javaaa\Learn_Backend\Spring_WebFlux\appp\social_media_FE\node_modules\@babel\parser\lib\index.js:10797:17)
      at TypeScriptParserMixin.parseStatementContent (D:\Learning\Javaaa\Learn_Backend\Spring_WebFlux\appp\social_media_FE\node_modules\@babel\parser\lib\index.js:12912:23)
      at TypeScriptParserMixin.parseStatementContent (D:\Learning\Javaaa\Learn_Backend\Spring_WebFlux\appp\social_media_FE\node_modules\@babel\parser\lib\index.js:9525:18)
      at TypeScriptParserMixin.parseStatementLike (D:\Learning\Javaaa\Learn_Backend\Spring_WebFlux\appp\social_media_FE\node_modules\@babel\parser\lib\index.js:12784:17)
      at TypeScriptParserMixin.parseStatementListItem (D:\Learning\Javaaa\Learn_Backend\Spring_WebFlux\appp\social_media_FE\node_modules\@babel\parser\lib\index.js:12764:17)
      at TypeScriptParserMixin.parseBlockOrModuleBlockBody (D:\Learning\Javaaa\Learn_Backend\Spring_WebFlux\appp\social_media_FE\node_modules\@babel\parser\lib\index.js:13333:61)
      at TypeScriptParserMixin.parseBlockBody (D:\Learning\Javaaa\Learn_Backend\Spring_WebFlux\appp\social_media_FE\node_modules\@babel\parser\lib\index.js:13326:10)
      at TypeScriptParserMixin.parseBlock (D:\Learning\Javaaa\Learn_Backend\Spring_WebFlux\appp\social_media_FE\node_modules\@babel\parser\lib\index.js:13314:10)
      at TypeScriptParserMixin.parseFunctionBody (D:\Learning\Javaaa\Learn_Backend\Spring_WebFlux\appp\social_media_FE\node_modules\@babel\parser\lib\index.js:12117:24)
      at TypeScriptParserMixin.parseFunctionBodyAndFinish (D:\Learning\Javaaa\Learn_Backend\Spring_WebFlux\appp\social_media_FE\node_modules\@babel\parser\lib\index.js:12103:10)
      at TypeScriptParserMixin.parseFunctionBodyAndFinish (D:\Learning\Javaaa\Learn_Backend\Spring_WebFlux\appp\social_media_FE\node_modules\@babel\parser\lib\index.js:9189:18)
      at D:\Learning\Javaaa\Learn_Backend\Spring_WebFlux\appp\social_media_FE\node_modules\@babel\parser\lib\index.js:13462:12
      at TypeScriptParserMixin.withSmartMixTopicForbiddingContext (D:\Learning\Javaaa\Learn_Backend\Spring_WebFlux\appp\social_media_FE\node_modules\@babel\parser\lib\index.js:12420:14)
      at TypeScriptParserMixin.parseFunction (D:\Learning\Javaaa\Learn_Backend\Spring_WebFlux\appp\social_media_FE\node_modules\@babel\parser\lib\index.js:13461:10)
      at TypeScriptParserMixin.parseFunctionStatement (D:\Learning\Javaaa\Learn_Backend\Spring_WebFlux\appp\social_media_FE\node_modules\@babel\parser\lib\index.js:13142:17)
      at TypeScriptParserMixin.parseStatementContent (D:\Learning\Javaaa\Learn_Backend\Spring_WebFlux\appp\social_media_FE\node_modules\@babel\parser\lib\index.js:12907:25)
      at TypeScriptParserMixin.parseStatementContent (D:\Learning\Javaaa\Learn_Backend\Spring_WebFlux\appp\social_media_FE\node_modules\@babel\parser\lib\index.js:9525:18)
      at TypeScriptParserMixin.parseStatementLike (D:\Learning\Javaaa\Learn_Backend\Spring_WebFlux\appp\social_media_FE\node_modules\@babel\parser\lib\index.js:12784:17)
      at TypeScriptParserMixin.parseStatementListItem (D:\Learning\Javaaa\Learn_Backend\Spring_WebFlux\appp\social_media_FE\node_modules\@babel\parser\lib\index.js:12764:17)
      at TypeScriptParserMixin.parseBlockOrModuleBlockBody (D:\Learning\Javaaa\Learn_Backend\Spring_WebFlux\appp\social_media_FE\node_modules\@babel\parser\lib\index.js:13333:61)
      at TypeScriptParserMixin.parseBlockBody (D:\Learning\Javaaa\Learn_Backend\Spring_WebFlux\appp\social_media_FE\node_modules\@babel\parser\lib\index.js:13326:10)
      at TypeScriptParserMixin.parseBlock (D:\Learning\Javaaa\Learn_Backend\Spring_WebFlux\appp\social_media_FE\node_modules\@babel\parser\lib\index.js:13314:10)
      at TypeScriptParserMixin.parseFunctionBody (D:\Learning\Javaaa\Learn_Backend\Spring_WebFlux\appp\social_media_FE\node_modules\@babel\parser\lib\index.js:12117:24)
      at TypeScriptParserMixin.parseFunctionBodyAndFinish (D:\Learning\Javaaa\Learn_Backend\Spring_WebFlux\appp\social_media_FE\node_modules\@babel\parser\lib\index.js:12103:10)
      at TypeScriptParserMixin.parseFunctionBodyAndFinish (D:\Learning\Javaaa\Learn_Backend\Spring_WebFlux\appp\social_media_FE\node_modules\@babel\parser\lib\index.js:9189:18)
      at D:\Learning\Javaaa\Learn_Backend\Spring_WebFlux\appp\social_media_FE\node_modules\@babel\parser\lib\index.js:13462:12
      at TypeScriptParserMixin.withSmartMixTopicForbiddingContext (D:\Learning\Javaaa\Learn_Backend\Spring_WebFlux\appp\social_media_FE\node_modules\@babel\parser\lib\index.js:12420:14)
      at TypeScriptParserMixin.parseFunction (D:\Learning\Javaaa\Learn_Backend\Spring_WebFlux\appp\social_media_FE\node_modules\@babel\parser\lib\index.js:13461:10)
      at TypeScriptParserMixin.parseFunctionStatement (D:\Learning\Javaaa\Learn_Backend\Spring_WebFlux\appp\social_media_FE\node_modules\@babel\parser\lib\index.js:13142:17)
      at TypeScriptParserMixin.parseStatementContent (D:\Learning\Javaaa\Learn_Backend\Spring_WebFlux\appp\social_media_FE\node_modules\@babel\parser\lib\index.js:12808:21)
      at TypeScriptParserMixin.parseStatementContent (D:\Learning\Javaaa\Learn_Backend\Spring_WebFlux\appp\social_media_FE\node_modules\@babel\parser\lib\index.js:9525:18)
      at TypeScriptParserMixin.parseStatementLike (D:\Learning\Javaaa\Learn_Backend\Spring_WebFlux\appp\social_media_FE\node_modules\@babel\parser\lib\index.js:12784:17)
      at TypeScriptParserMixin.parseStatementListItem (D:\Learning\Javaaa\Learn_Backend\Spring_WebFlux\appp\social_media_FE\node_modules\@babel\parser\lib\index.js:12764:17)
[2m01:01:40[22m [31m[1m[vite][22m[39m [31mInternal server error: D:\Learning\Javaaa\Learn_Backend\Spring_WebFlux\appp\social_media_FE\src\PostCreationStudio.tsx: Unexpected token (664:1)

[0m [90m 662 |[31m   [36mconst[31m [title[33m,[31m detail] [33m=[31m copy[status][33m;[31m
 [90m 663 |[31m   [36mreturn[31m [33m<[31m[33mdiv[31m className[33m=[31m[32m"create-status"[31m[33m>[31m[33m<[31m[33mstrong[31m[33m>[31m{title}[33m<[31m[33m/[31m[33mstrong[31m[33m>[31m[33m<[31m[33mspan[31m[33m>[31m{detail}[33m<[31m[33m/[31m[33mspan[31m[33m>[31m[33m<[31m[33m/[31m[33mdiv[31m[33m>[31m[33m;[31m
[31m[1m>[22m[31m[90m 664 |[31m }
 [90m     |[31m  [31m[1m^[22m[31m[0m[39m
  Plugin: [35mvite:react-babel[39m
  File: [36mD:/Learning/Javaaa/Learn_Backend/Spring_WebFlux/appp/social_media_FE/src/PostCreationStudio.tsx[39m:664:1
      at constructor (D:\Learning\Javaaa\Learn_Backend\Spring_WebFlux\appp\social_media_FE\node_modules\@babel\parser\lib\index.js:365:19)
      at TypeScriptParserMixin.raise (D:\Learning\Javaaa\Learn_Backend\Spring_WebFlux\appp\social_media_FE\node_modules\@babel\parser\lib\index.js:6616:19)
      at TypeScriptParserMixin.unexpected (D:\Learning\Javaaa\Learn_Backend\Spring_WebFlux\appp\social_media_FE\node_modules\@babel\parser\lib\index.js:6636:16)
      at TypeScriptParserMixin.parseExprAtom (D:\Learning\Javaaa\Learn_Backend\Spring_WebFlux\appp\social_media_FE\node_modules\@babel\parser\lib\index.js:11459:22)
      at TypeScriptParserMixin.parseExprAtom (D:\Learning\Javaaa\Learn_Backend\Spring_WebFlux\appp\social_media_FE\node_modules\@babel\parser\lib\index.js:4776:20)
      at TypeScriptParserMixin.parseExprSubscripts (D:\Learning\Javaaa\Learn_Backend\Spring_WebFlux\appp\social_media_FE\node_modules\@babel\parser\lib\index.js:11098:23)
      at TypeScriptParserMixin.parseUpdate (D:\Learning\Javaaa\Learn_Backend\Spring_WebFlux\appp\social_media_FE\node_modules\@babel\parser\lib\index.js:11083:21)
      at TypeScriptParserMixin.parseMaybeUnary (D:\Learning\Javaaa\Learn_Backend\Spring_WebFlux\appp\social_media_FE\node_modules\@babel\parser\lib\index.js:11063:23)
      at TypeScriptParserMixin.parseMaybeUnary (D:\Learning\Javaaa\Learn_Backend\Spring_WebFlux\appp\social_media_FE\node_modules\@babel\parser\lib\index.js:9854:18)
      at TypeScriptParserMixin.parseMaybeUnaryOrPrivate (D:\Learning\Javaaa\Learn_Backend\Spring_WebFlux\appp\social_media_FE\node_modules\@babel\parser\lib\index.js:10916:61)
      at TypeScriptParserMixin.parseExprOps (D:\Learning\Javaaa\Learn_Backend\Spring_WebFlux\appp\social_media_FE\node_modules\@babel\parser\lib\index.js:10921:23)
      at TypeScriptParserMixin.parseMaybeConditional (D:\Learning\Javaaa\Learn_Backend\Spring_WebFlux\appp\social_media_FE\node_modules\@babel\parser\lib\index.js:10898:23)
      at TypeScriptParserMixin.parseMaybeAssign (D:\Learning\Javaaa\Learn_Backend\Spring_WebFlux\appp\social_media_FE\node_modules\@babel\parser\lib\index.js:10848:21)
      at TypeScriptParserMixin.parseMaybeAssign (D:\Learning\Javaaa\Learn_Backend\Spring_WebFlux\appp\social_media_FE\node_modules\@babel\parser\lib\index.js:9803:20)
      at TypeScriptParserMixin.parseExpressionBase (D:\Learning\Javaaa\Learn_Backend\Spring_WebFlux\appp\social_media_FE\node_modules\@babel\parser\lib\index.js:10801:23)
      at D:\Learning\Javaaa\Learn_Backend\Spring_WebFlux\appp\social_media_FE\node_modules\@babel\parser\lib\index.js:10797:39
      at TypeScriptParserMixin.allowInAnd (D:\Learning\Javaaa\Learn_Backend\Spring_WebFlux\appp\social_media_FE\node_modules\@babel\parser\lib\index.js:12438:16)
      at TypeScriptParserMixin.parseExpression (D:\Learning\Javaaa\Learn_Backend\Spring_WebFlux\appp\social_media_FE\node_modules\@babel\parser\lib\index.js:10797:17)
      at TypeScriptParserMixin.parseStatementContent (D:\Learning\Javaaa\Learn_Backend\Spring_WebFlux\appp\social_media_FE\node_modules\@babel\parser\lib\index.js:12912:23)
      at TypeScriptParserMixin.parseStatementContent (D:\Learning\Javaaa\Learn_Backend\Spring_WebFlux\appp\social_media_FE\node_modules\@babel\parser\lib\index.js:9525:18)
      at TypeScriptParserMixin.parseStatementLike (D:\Learning\Javaaa\Learn_Backend\Spring_WebFlux\appp\social_media_FE\node_modules\@babel\parser\lib\index.js:12784:17)
      at TypeScriptParserMixin.parseStatementListItem (D:\Learning\Javaaa\Learn_Backend\Spring_WebFlux\appp\social_media_FE\node_modules\@babel\parser\lib\index.js:12764:17)
      at TypeScriptParserMixin.parseBlockOrModuleBlockBody (D:\Learning\Javaaa\Learn_Backend\Spring_WebFlux\appp\social_media_FE\node_modules\@babel\parser\lib\index.js:13333:61)
      at TypeScriptParserMixin.parseBlockBody (D:\Learning\Javaaa\Learn_Backend\Spring_WebFlux\appp\social_media_FE\node_modules\@babel\parser\lib\index.js:13326:10)
      at TypeScriptParserMixin.parseBlock (D:\Learning\Javaaa\Learn_Backend\Spring_WebFlux\appp\social_media_FE\node_modules\@babel\parser\lib\index.js:13314:10)
      at TypeScriptParserMixin.parseFunctionBody (D:\Learning\Javaaa\Learn_Backend\Spring_WebFlux\appp\social_media_FE\node_modules\@babel\parser\lib\index.js:12117:24)
      at TypeScriptParserMixin.parseFunctionBodyAndFinish (D:\Learning\Javaaa\Learn_Backend\Spring_WebFlux\appp\social_media_FE\node_modules\@babel\parser\lib\index.js:12103:10)
      at TypeScriptParserMixin.parseFunctionBodyAndFinish (D:\Learning\Javaaa\Learn_Backend\Spring_WebFlux\appp\social_media_FE\node_modules\@babel\parser\lib\index.js:9189:18)
      at D:\Learning\Javaaa\Learn_Backend\Spring_WebFlux\appp\social_media_FE\node_modules\@babel\parser\lib\index.js:13462:12
      at TypeScriptParserMixin.withSmartMixTopicForbiddingContext (D:\Learning\Javaaa\Learn_Backend\Spring_WebFlux\appp\social_media_FE\node_modules\@babel\parser\lib\index.js:12420:14)
      at TypeScriptParserMixin.parseFunction (D:\Learning\Javaaa\Learn_Backend\Spring_WebFlux\appp\social_media_FE\node_modules\@babel\parser\lib\index.js:13461:10)
      at TypeScriptParserMixin.parseFunctionStatement (D:\Learning\Javaaa\Learn_Backend\Spring_WebFlux\appp\social_media_FE\node_modules\@babel\parser\lib\index.js:13142:17)
      at TypeScriptParserMixin.parseStatementContent (D:\Learning\Javaaa\Learn_Backend\Spring_WebFlux\appp\social_media_FE\node_modules\@babel\parser\lib\index.js:12907:25)
      at TypeScriptParserMixin.parseStatementContent (D:\Learning\Javaaa\Learn_Backend\Spring_WebFlux\appp\social_media_FE\node_modules\@babel\parser\lib\index.js:9525:18)
      at TypeScriptParserMixin.parseStatementLike (D:\Learning\Javaaa\Learn_Backend\Spring_WebFlux\appp\social_media_FE\node_modules\@babel\parser\lib\index.js:12784:17)
      at TypeScriptParserMixin.parseStatementListItem (D:\Learning\Javaaa\Learn_Backend\Spring_WebFlux\appp\social_media_FE\node_modules\@babel\parser\lib\index.js:12764:17)
      at TypeScriptParserMixin.parseBlockOrModuleBlockBody (D:\Learning\Javaaa\Learn_Backend\Spring_WebFlux\appp\social_media_FE\node_modules\@babel\parser\lib\index.js:13333:61)
      at TypeScriptParserMixin.parseBlockBody (D:\Learning\Javaaa\Learn_Backend\Spring_WebFlux\appp\social_media_FE\node_modules\@babel\parser\lib\index.js:13326:10)
      at TypeScriptParserMixin.parseBlock (D:\Learning\Javaaa\Learn_Backend\Spring_WebFlux\appp\social_media_FE\node_modules\@babel\parser\lib\index.js:13314:10)
      at TypeScriptParserMixin.parseFunctionBody (D:\Learning\Javaaa\Learn_Backend\Spring_WebFlux\appp\social_media_FE\node_modules\@babel\parser\lib\index.js:12117:24)
      at TypeScriptParserMixin.parseFunctionBodyAndFinish (D:\Learning\Javaaa\Learn_Backend\Spring_WebFlux\appp\social_media_FE\node_modules\@babel\parser\lib\index.js:12103:10)
      at TypeScriptParserMixin.parseFunctionBodyAndFinish (D:\Learning\Javaaa\Learn_Backend\Spring_WebFlux\appp\social_media_FE\node_modules\@babel\parser\lib\index.js:9189:18)
      at D:\Learning\Javaaa\Learn_Backend\Spring_WebFlux\appp\social_media_FE\node_modules\@babel\parser\lib\index.js:13462:12
      at TypeScriptParserMixin.withSmartMixTopicForbiddingContext (D:\Learning\Javaaa\Learn_Backend\Spring_WebFlux\appp\social_media_FE\node_modules\@babel\parser\lib\index.js:12420:14)
      at TypeScriptParserMixin.parseFunction (D:\Learning\Javaaa\Learn_Backend\Spring_WebFlux\appp\social_media_FE\node_modules\@babel\parser\lib\index.js:13461:10)
      at TypeScriptParserMixin.parseFunctionStatement (D:\Learning\Javaaa\Learn_Backend\Spring_WebFlux\appp\social_media_FE\node_modules\@babel\parser\lib\index.js:13142:17)
      at TypeScriptParserMixin.parseStatementContent (D:\Learning\Javaaa\Learn_Backend\Spring_WebFlux\appp\social_media_FE\node_modules\@babel\parser\lib\index.js:12808:21)
      at TypeScriptParserMixin.parseStatementContent (D:\Learning\Javaaa\Learn_Backend\Spring_WebFlux\appp\social_media_FE\node_modules\@babel\parser\lib\index.js:9525:18)
      at TypeScriptParserMixin.parseStatementLike (D:\Learning\Javaaa\Learn_Backend\Spring_WebFlux\appp\social_media_FE\node_modules\@babel\parser\lib\index.js:12784:17)
      at TypeScriptParserMixin.parseStatementListItem (D:\Learning\Javaaa\Learn_Backend\Spring_WebFlux\appp\social_media_FE\node_modules\@babel\parser\lib\index.js:12764:17)
[2m01:01:40[22m [31m[1m[vite][22m[39m [31mInternal server error: D:\Learning\Javaaa\Learn_Backend\Spring_WebFlux\appp\social_media_FE\src\PostCreationStudio.tsx: Unexpected token (664:1)

[0m [90m 662 |[31m   [36mconst[31m [title[33m,[31m detail] [33m=[31m copy[status][33m;[31m
 [90m 663 |[31m   [36mreturn[31m [33m<[31m[33mdiv[31m className[33m=[31m[32m"create-status"[31m[33m>[31m[33m<[31m[33mstrong[31m[33m>[31m{title}[33m<[31m[33m/[31m[33mstrong[31m[33m>[31m[33m<[31m[33mspan[31m[33m>[31m{detail}[33m<[31m[33m/[31m[33mspan[31m[33m>[31m[33m<[31m[33m/[31m[33mdiv[31m[33m>[31m[33m;[31m
[31m[1m>[22m[31m[90m 664 |[31m }
 [90m     |[31m  [31m[1m^[22m[31m[0m[39m
  Plugin: [35mvite:react-babel[39m
  File: [36mD:/Learning/Javaaa/Learn_Backend/Spring_WebFlux/appp/social_media_FE/src/PostCreationStudio.tsx[39m:664:1
      at constructor (D:\Learning\Javaaa\Learn_Backend\Spring_WebFlux\appp\social_media_FE\node_modules\@babel\parser\lib\index.js:365:19)
      at TypeScriptParserMixin.raise (D:\Learning\Javaaa\Learn_Backend\Spring_WebFlux\appp\social_media_FE\node_modules\@babel\parser\lib\index.js:6616:19)
      at TypeScriptParserMixin.unexpected (D:\Learning\Javaaa\Learn_Backend\Spring_WebFlux\appp\social_media_FE\node_modules\@babel\parser\lib\index.js:6636:16)
      at TypeScriptParserMixin.parseExprAtom (D:\Learning\Javaaa\Learn_Backend\Spring_WebFlux\appp\social_media_FE\node_modules\@babel\parser\lib\index.js:11459:22)
      at TypeScriptParserMixin.parseExprAtom (D:\Learning\Javaaa\Learn_Backend\Spring_WebFlux\appp\social_media_FE\node_modules\@babel\parser\lib\index.js:4776:20)
      at TypeScriptParserMixin.parseExprSubscripts (D:\Learning\Javaaa\Learn_Backend\Spring_WebFlux\appp\social_media_FE\node_modules\@babel\parser\lib\index.js:11098:23)
      at TypeScriptParserMixin.parseUpdate (D:\Learning\Javaaa\Learn_Backend\Spring_WebFlux\appp\social_media_FE\node_modules\@babel\parser\lib\index.js:11083:21)
      at TypeScriptParserMixin.parseMaybeUnary (D:\Learning\Javaaa\Learn_Backend\Spring_WebFlux\appp\social_media_FE\node_modules\@babel\parser\lib\index.js:11063:23)
      at TypeScriptParserMixin.parseMaybeUnary (D:\Learning\Javaaa\Learn_Backend\Spring_WebFlux\appp\social_media_FE\node_modules\@babel\parser\lib\index.js:9854:18)
      at TypeScriptParserMixin.parseMaybeUnaryOrPrivate (D:\Learning\Javaaa\Learn_Backend\Spring_WebFlux\appp\social_media_FE\node_modules\@babel\parser\lib\index.js:10916:61)
      at TypeScriptParserMixin.parseExprOps (D:\Learning\Javaaa\Learn_Backend\Spring_WebFlux\appp\social_media_FE\node_modules\@babel\parser\lib\index.js:10921:23)
      at TypeScriptParserMixin.parseMaybeConditional (D:\Learning\Javaaa\Learn_Backend\Spring_WebFlux\appp\social_media_FE\node_modules\@babel\parser\lib\index.js:10898:23)
      at TypeScriptParserMixin.parseMaybeAssign (D:\Learning\Javaaa\Learn_Backend\Spring_WebFlux\appp\social_media_FE\node_modules\@babel\parser\lib\index.js:10848:21)
      at TypeScriptParserMixin.parseMaybeAssign (D:\Learning\Javaaa\Learn_Backend\Spring_WebFlux\appp\social_media_FE\node_modules\@babel\parser\lib\index.js:9803:20)
      at TypeScriptParserMixin.parseExpressionBase (D:\Learning\Javaaa\Learn_Backend\Spring_WebFlux\appp\social_media_FE\node_modules\@babel\parser\lib\index.js:10801:23)
      at D:\Learning\Javaaa\Learn_Backend\Spring_WebFlux\appp\social_media_FE\node_modules\@babel\parser\lib\index.js:10797:39
      at TypeScriptParserMixin.allowInAnd (D:\Learning\Javaaa\Learn_Backend\Spring_WebFlux\appp\social_media_FE\node_modules\@babel\parser\lib\index.js:12438:16)
      at TypeScriptParserMixin.parseExpression (D:\Learning\Javaaa\Learn_Backend\Spring_WebFlux\appp\social_media_FE\node_modules\@babel\parser\lib\index.js:10797:17)
      at TypeScriptParserMixin.parseStatementContent (D:\Learning\Javaaa\Learn_Backend\Spring_WebFlux\appp\social_media_FE\node_modules\@babel\parser\lib\index.js:12912:23)
      at TypeScriptParserMixin.parseStatementContent (D:\Learning\Javaaa\Learn_Backend\Spring_WebFlux\appp\social_media_FE\node_modules\@babel\parser\lib\index.js:9525:18)
      at TypeScriptParserMixin.parseStatementLike (D:\Learning\Javaaa\Learn_Backend\Spring_WebFlux\appp\social_media_FE\node_modules\@babel\parser\lib\index.js:12784:17)
      at TypeScriptParserMixin.parseStatementListItem (D:\Learning\Javaaa\Learn_Backend\Spring_WebFlux\appp\social_media_FE\node_modules\@babel\parser\lib\index.js:12764:17)
      at TypeScriptParserMixin.parseBlockOrModuleBlockBody (D:\Learning\Javaaa\Learn_Backend\Spring_WebFlux\appp\social_media_FE\node_modules\@babel\parser\lib\index.js:13333:61)
      at TypeScriptParserMixin.parseBlockBody (D:\Learning\Javaaa\Learn_Backend\Spring_WebFlux\appp\social_media_FE\node_modules\@babel\parser\lib\index.js:13326:10)
      at TypeScriptParserMixin.parseBlock (D:\Learning\Javaaa\Learn_Backend\Spring_WebFlux\appp\social_media_FE\node_modules\@babel\parser\lib\index.js:13314:10)
      at TypeScriptParserMixin.parseFunctionBody (D:\Learning\Javaaa\Learn_Backend\Spring_WebFlux\appp\social_media_FE\node_modules\@babel\parser\lib\index.js:12117:24)
      at TypeScriptParserMixin.parseFunctionBodyAndFinish (D:\Learning\Javaaa\Learn_Backend\Spring_WebFlux\appp\social_media_FE\node_modules\@babel\parser\lib\index.js:12103:10)
      at TypeScriptParserMixin.parseFunctionBodyAndFinish (D:\Learning\Javaaa\Learn_Backend\Spring_WebFlux\appp\social_media_FE\node_modules\@babel\parser\lib\index.js:9189:18)
      at D:\Learning\Javaaa\Learn_Backend\Spring_WebFlux\appp\social_media_FE\node_modules\@babel\parser\lib\index.js:13462:12
      at TypeScriptParserMixin.withSmartMixTopicForbiddingContext (D:\Learning\Javaaa\Learn_Backend\Spring_WebFlux\appp\social_media_FE\node_modules\@babel\parser\lib\index.js:12420:14)
      at TypeScriptParserMixin.parseFunction (D:\Learning\Javaaa\Learn_Backend\Spring_WebFlux\appp\social_media_FE\node_modules\@babel\parser\lib\index.js:13461:10)
      at TypeScriptParserMixin.parseFunctionStatement (D:\Learning\Javaaa\Learn_Backend\Spring_WebFlux\appp\social_media_FE\node_modules\@babel\parser\lib\index.js:13142:17)
      at TypeScriptParserMixin.parseStatementContent (D:\Learning\Javaaa\Learn_Backend\Spring_WebFlux\appp\social_media_FE\node_modules\@babel\parser\lib\index.js:12907:25)
      at TypeScriptParserMixin.parseStatementContent (D:\Learning\Javaaa\Learn_Backend\Spring_WebFlux\appp\social_media_FE\node_modules\@babel\parser\lib\index.js:9525:18)
      at TypeScriptParserMixin.parseStatementLike (D:\Learning\Javaaa\Learn_Backend\Spring_WebFlux\appp\social_media_FE\node_modules\@babel\parser\lib\index.js:12784:17)
      at TypeScriptParserMixin.parseStatementListItem (D:\Learning\Javaaa\Learn_Backend\Spring_WebFlux\appp\social_media_FE\node_modules\@babel\parser\lib\index.js:12764:17)
      at TypeScriptParserMixin.parseBlockOrModuleBlockBody (D:\Learning\Javaaa\Learn_Backend\Spring_WebFlux\appp\social_media_FE\node_modules\@babel\parser\lib\index.js:13333:61)
      at TypeScriptParserMixin.parseBlockBody (D:\Learning\Javaaa\Learn_Backend\Spring_WebFlux\appp\social_media_FE\node_modules\@babel\parser\lib\index.js:13326:10)
      at TypeScriptParserMixin.parseBlock (D:\Learning\Javaaa\Learn_Backend\Spring_WebFlux\appp\social_media_FE\node_modules\@babel\parser\lib\index.js:13314:10)
      at TypeScriptParserMixin.parseFunctionBody (D:\Learning\Javaaa\Learn_Backend\Spring_WebFlux\appp\social_media_FE\node_modules\@babel\parser\lib\index.js:12117:24)
      at TypeScriptParserMixin.parseFunctionBodyAndFinish (D:\Learning\Javaaa\Learn_Backend\Spring_WebFlux\appp\social_media_FE\node_modules\@babel\parser\lib\index.js:12103:10)
      at TypeScriptParserMixin.parseFunctionBodyAndFinish (D:\Learning\Javaaa\Learn_Backend\Spring_WebFlux\appp\social_media_FE\node_modules\@babel\parser\lib\index.js:9189:18)
      at D:\Learning\Javaaa\Learn_Backend\Spring_WebFlux\appp\social_media_FE\node_modules\@babel\parser\lib\index.js:13462:12
      at TypeScriptParserMixin.withSmartMixTopicForbiddingContext (D:\Learning\Javaaa\Learn_Backend\Spring_WebFlux\appp\social_media_FE\node_modules\@babel\parser\lib\index.js:12420:14)
      at TypeScriptParserMixin.parseFunction (D:\Learning\Javaaa\Learn_Backend\Spring_WebFlux\appp\social_media_FE\node_modules\@babel\parser\lib\index.js:13461:10)
      at TypeScriptParserMixin.parseFunctionStatement (D:\Learning\Javaaa\Learn_Backend\Spring_WebFlux\appp\social_media_FE\node_modules\@babel\parser\lib\index.js:13142:17)
      at TypeScriptParserMixin.parseStatementContent (D:\Learning\Javaaa\Learn_Backend\Spring_WebFlux\appp\social_media_FE\node_modules\@babel\parser\lib\index.js:12808:21)
      at TypeScriptParserMixin.parseStatementContent (D:\Learning\Javaaa\Learn_Backend\Spring_WebFlux\appp\social_media_FE\node_modules\@babel\parser\lib\index.js:9525:18)
      at TypeScriptParserMixin.parseStatementLike (D:\Learning\Javaaa\Learn_Backend\Spring_WebFlux\appp\social_media_FE\node_modules\@babel\parser\lib\index.js:12784:17)
      at TypeScriptParserMixin.parseStatementListItem (D:\Learning\Javaaa\Learn_Backend\Spring_WebFlux\appp\social_media_FE\node_modules\@babel\parser\lib\index.js:12764:17)
[2m01:02:22[22m [31m[1m[vite][22m[39m [31mInternal server error: D:\Learning\Javaaa\Learn_Backend\Spring_WebFlux\appp\social_media_FE\src\PostCreationStudio.tsx: Unexpected token (664:1)

[0m [90m 662 |[31m   [36mconst[31m [title[33m,[31m detail] [33m=[31m copy[status][33m;[31m
 [90m 663 |[31m   [36mreturn[31m [33m<[31m[33mdiv[31m className[33m=[31m[32m"create-status"[31m[33m>[31m[33m<[31m[33mstrong[31m[33m>[31m{title}[33m<[31m[33m/[31m[33mstrong[31m[33m>[31m[33m<[31m[33mspan[31m[33m>[31m{detail}[33m<[31m[33m/[31m[33mspan[31m[33m>[31m[33m<[31m[33m/[31m[33mdiv[31m[33m>[31m[33m;[31m
[31m[1m>[22m[31m[90m 664 |[31m }
 [90m     |[31m  [31m[1m^[22m[31m[0m[39m
  Plugin: [35mvite:react-babel[39m
  File: [36mD:/Learning/Javaaa/Learn_Backend/Spring_WebFlux/appp/social_media_FE/src/PostCreationStudio.tsx[39m:664:1
      at constructor (D:\Learning\Javaaa\Learn_Backend\Spring_WebFlux\appp\social_media_FE\node_modules\@babel\parser\lib\index.js:365:19)
      at TypeScriptParserMixin.raise (D:\Learning\Javaaa\Learn_Backend\Spring_WebFlux\appp\social_media_FE\node_modules\@babel\parser\lib\index.js:6616:19)
      at TypeScriptParserMixin.unexpected (D:\Learning\Javaaa\Learn_Backend\Spring_WebFlux\appp\social_media_FE\node_modules\@babel\parser\lib\index.js:6636:16)
      at TypeScriptParserMixin.parseExprAtom (D:\Learning\Javaaa\Learn_Backend\Spring_WebFlux\appp\social_media_FE\node_modules\@babel\parser\lib\index.js:11459:22)
      at TypeScriptParserMixin.parseExprAtom (D:\Learning\Javaaa\Learn_Backend\Spring_WebFlux\appp\social_media_FE\node_modules\@babel\parser\lib\index.js:4776:20)
      at TypeScriptParserMixin.parseExprSubscripts (D:\Learning\Javaaa\Learn_Backend\Spring_WebFlux\appp\social_media_FE\node_modules\@babel\parser\lib\index.js:11098:23)
      at TypeScriptParserMixin.parseUpdate (D:\Learning\Javaaa\Learn_Backend\Spring_WebFlux\appp\social_media_FE\node_modules\@babel\parser\lib\index.js:11083:21)
      at TypeScriptParserMixin.parseMaybeUnary (D:\Learning\Javaaa\Learn_Backend\Spring_WebFlux\appp\social_media_FE\node_modules\@babel\parser\lib\index.js:11063:23)
      at TypeScriptParserMixin.parseMaybeUnary (D:\Learning\Javaaa\Learn_Backend\Spring_WebFlux\appp\social_media_FE\node_modules\@babel\parser\lib\index.js:9854:18)
      at TypeScriptParserMixin.parseMaybeUnaryOrPrivate (D:\Learning\Javaaa\Learn_Backend\Spring_WebFlux\appp\social_media_FE\node_modules\@babel\parser\lib\index.js:10916:61)
      at TypeScriptParserMixin.parseExprOps (D:\Learning\Javaaa\Learn_Backend\Spring_WebFlux\appp\social_media_FE\node_modules\@babel\parser\lib\index.js:10921:23)
      at TypeScriptParserMixin.parseMaybeConditional (D:\Learning\Javaaa\Learn_Backend\Spring_WebFlux\appp\social_media_FE\node_modules\@babel\parser\lib\index.js:10898:23)
      at TypeScriptParserMixin.parseMaybeAssign (D:\Learning\Javaaa\Learn_Backend\Spring_WebFlux\appp\social_media_FE\node_modules\@babel\parser\lib\index.js:10848:21)
      at TypeScriptParserMixin.parseMaybeAssign (D:\Learning\Javaaa\Learn_Backend\Spring_WebFlux\appp\social_media_FE\node_modules\@babel\parser\lib\index.js:9803:20)
      at TypeScriptParserMixin.parseExpressionBase (D:\Learning\Javaaa\Learn_Backend\Spring_WebFlux\appp\social_media_FE\node_modules\@babel\parser\lib\index.js:10801:23)
      at D:\Learning\Javaaa\Learn_Backend\Spring_WebFlux\appp\social_media_FE\node_modules\@babel\parser\lib\index.js:10797:39
      at TypeScriptParserMixin.allowInAnd (D:\Learning\Javaaa\Learn_Backend\Spring_WebFlux\appp\social_media_FE\node_modules\@babel\parser\lib\index.js:12438:16)
      at TypeScriptParserMixin.parseExpression (D:\Learning\Javaaa\Learn_Backend\Spring_WebFlux\appp\social_media_FE\node_modules\@babel\parser\lib\index.js:10797:17)
      at TypeScriptParserMixin.parseStatementContent (D:\Learning\Javaaa\Learn_Backend\Spring_WebFlux\appp\social_media_FE\node_modules\@babel\parser\lib\index.js:12912:23)
      at TypeScriptParserMixin.parseStatementContent (D:\Learning\Javaaa\Learn_Backend\Spring_WebFlux\appp\social_media_FE\node_modules\@babel\parser\lib\index.js:9525:18)
      at TypeScriptParserMixin.parseStatementLike (D:\Learning\Javaaa\Learn_Backend\Spring_WebFlux\appp\social_media_FE\node_modules\@babel\parser\lib\index.js:12784:17)
      at TypeScriptParserMixin.parseStatementListItem (D:\Learning\Javaaa\Learn_Backend\Spring_WebFlux\appp\social_media_FE\node_modules\@babel\parser\lib\index.js:12764:17)
      at TypeScriptParserMixin.parseBlockOrModuleBlockBody (D:\Learning\Javaaa\Learn_Backend\Spring_WebFlux\appp\social_media_FE\node_modules\@babel\parser\lib\index.js:13333:61)
      at TypeScriptParserMixin.parseBlockBody (D:\Learning\Javaaa\Learn_Backend\Spring_WebFlux\appp\social_media_FE\node_modules\@babel\parser\lib\index.js:13326:10)
      at TypeScriptParserMixin.parseBlock (D:\Learning\Javaaa\Learn_Backend\Spring_WebFlux\appp\social_media_FE\node_modules\@babel\parser\lib\index.js:13314:10)
      at TypeScriptParserMixin.parseFunctionBody (D:\Learning\Javaaa\Learn_Backend\Spring_WebFlux\appp\social_media_FE\node_modules\@babel\parser\lib\index.js:12117:24)
      at TypeScriptParserMixin.parseFunctionBodyAndFinish (D:\Learning\Javaaa\Learn_Backend\Spring_WebFlux\appp\social_media_FE\node_modules\@babel\parser\lib\index.js:12103:10)
      at TypeScriptParserMixin.parseFunctionBodyAndFinish (D:\Learning\Javaaa\Learn_Backend\Spring_WebFlux\appp\social_media_FE\node_modules\@babel\parser\lib\index.js:9189:18)
      at D:\Learning\Javaaa\Learn_Backend\Spring_WebFlux\appp\social_media_FE\node_modules\@babel\parser\lib\index.js:13462:12
      at TypeScriptParserMixin.withSmartMixTopicForbiddingContext (D:\Learning\Javaaa\Learn_Backend\Spring_WebFlux\appp\social_media_FE\node_modules\@babel\parser\lib\index.js:12420:14)
      at TypeScriptParserMixin.parseFunction (D:\Learning\Javaaa\Learn_Backend\Spring_WebFlux\appp\social_media_FE\node_modules\@babel\parser\lib\index.js:13461:10)
      at TypeScriptParserMixin.parseFunctionStatement (D:\Learning\Javaaa\Learn_Backend\Spring_WebFlux\appp\social_media_FE\node_modules\@babel\parser\lib\index.js:13142:17)
      at TypeScriptParserMixin.parseStatementContent (D:\Learning\Javaaa\Learn_Backend\Spring_WebFlux\appp\social_media_FE\node_modules\@babel\parser\lib\index.js:12907:25)
      at TypeScriptParserMixin.parseStatementContent (D:\Learning\Javaaa\Learn_Backend\Spring_WebFlux\appp\social_media_FE\node_modules\@babel\parser\lib\index.js:9525:18)
      at TypeScriptParserMixin.parseStatementLike (D:\Learning\Javaaa\Learn_Backend\Spring_WebFlux\appp\social_media_FE\node_modules\@babel\parser\lib\index.js:12784:17)
      at TypeScriptParserMixin.parseStatementListItem (D:\Learning\Javaaa\Learn_Backend\Spring_WebFlux\appp\social_media_FE\node_modules\@babel\parser\lib\index.js:12764:17)
      at TypeScriptParserMixin.parseBlockOrModuleBlockBody (D:\Learning\Javaaa\Learn_Backend\Spring_WebFlux\appp\social_media_FE\node_modules\@babel\parser\lib\index.js:13333:61)
      at TypeScriptParserMixin.parseBlockBody (D:\Learning\Javaaa\Learn_Backend\Spring_WebFlux\appp\social_media_FE\node_modules\@babel\parser\lib\index.js:13326:10)
      at TypeScriptParserMixin.parseBlock (D:\Learning\Javaaa\Learn_Backend\Spring_WebFlux\appp\social_media_FE\node_modules\@babel\parser\lib\index.js:13314:10)
      at TypeScriptParserMixin.parseFunctionBody (D:\Learning\Javaaa\Learn_Backend\Spring_WebFlux\appp\social_media_FE\node_modules\@babel\parser\lib\index.js:12117:24)
      at TypeScriptParserMixin.parseFunctionBodyAndFinish (D:\Learning\Javaaa\Learn_Backend\Spring_WebFlux\appp\social_media_FE\node_modules\@babel\parser\lib\index.js:12103:10)
      at TypeScriptParserMixin.parseFunctionBodyAndFinish (D:\Learning\Javaaa\Learn_Backend\Spring_WebFlux\appp\social_media_FE\node_modules\@babel\parser\lib\index.js:9189:18)
      at D:\Learning\Javaaa\Learn_Backend\Spring_WebFlux\appp\social_media_FE\node_modules\@babel\parser\lib\index.js:13462:12
      at TypeScriptParserMixin.withSmartMixTopicForbiddingContext (D:\Learning\Javaaa\Learn_Backend\Spring_WebFlux\appp\social_media_FE\node_modules\@babel\parser\lib\index.js:12420:14)
      at TypeScriptParserMixin.parseFunction (D:\Learning\Javaaa\Learn_Backend\Spring_WebFlux\appp\social_media_FE\node_modules\@babel\parser\lib\index.js:13461:10)
      at TypeScriptParserMixin.parseFunctionStatement (D:\Learning\Javaaa\Learn_Backend\Spring_WebFlux\appp\social_media_FE\node_modules\@babel\parser\lib\index.js:13142:17)
      at TypeScriptParserMixin.parseStatementContent (D:\Learning\Javaaa\Learn_Backend\Spring_WebFlux\appp\social_media_FE\node_modules\@babel\parser\lib\index.js:12808:21)
      at TypeScriptParserMixin.parseStatementContent (D:\Learning\Javaaa\Learn_Backend\Spring_WebFlux\appp\social_media_FE\node_modules\@babel\parser\lib\index.js:9525:18)
      at TypeScriptParserMixin.parseStatementLike (D:\Learning\Javaaa\Learn_Backend\Spring_WebFlux\appp\social_media_FE\node_modules\@babel\parser\lib\index.js:12784:17)
      at TypeScriptParserMixin.parseStatementListItem (D:\Learning\Javaaa\Learn_Backend\Spring_WebFlux\appp\social_media_FE\node_modules\@babel\parser\lib\index.js:12764:17)
[2m01:02:22[22m [31m[1m[vite][22m[39m [31mInternal server error: D:\Learning\Javaaa\Learn_Backend\Spring_WebFlux\appp\social_media_FE\src\PostCreationStudio.tsx: Unexpected token (664:1)

[0m [90m 662 |[31m   [36mconst[31m [title[33m,[31m detail] [33m=[31m copy[status][33m;[31m
 [90m 663 |[31m   [36mreturn[31m [33m<[31m[33mdiv[31m className[33m=[31m[32m"create-status"[31m[33m>[31m[33m<[31m[33mstrong[31m[33m>[31m{title}[33m<[31m[33m/[31m[33mstrong[31m[33m>[31m[33m<[31m[33mspan[31m[33m>[31m{detail}[33m<[31m[33m/[31m[33mspan[31m[33m>[31m[33m<[31m[33m/[31m[33mdiv[31m[33m>[31m[33m;[31m
[31m[1m>[22m[31m[90m 664 |[31m }
 [90m     |[31m  [31m[1m^[22m[31m[0m[39m
  Plugin: [35mvite:react-babel[39m
  File: [36mD:/Learning/Javaaa/Learn_Backend/Spring_WebFlux/appp/social_media_FE/src/PostCreationStudio.tsx[39m:664:1
      at constructor (D:\Learning\Javaaa\Learn_Backend\Spring_WebFlux\appp\social_media_FE\node_modules\@babel\parser\lib\index.js:365:19)
      at TypeScriptParserMixin.raise (D:\Learning\Javaaa\Learn_Backend\Spring_WebFlux\appp\social_media_FE\node_modules\@babel\parser\lib\index.js:6616:19)
      at TypeScriptParserMixin.unexpected (D:\Learning\Javaaa\Learn_Backend\Spring_WebFlux\appp\social_media_FE\node_modules\@babel\parser\lib\index.js:6636:16)
      at TypeScriptParserMixin.parseExprAtom (D:\Learning\Javaaa\Learn_Backend\Spring_WebFlux\appp\social_media_FE\node_modules\@babel\parser\lib\index.js:11459:22)
      at TypeScriptParserMixin.parseExprAtom (D:\Learning\Javaaa\Learn_Backend\Spring_WebFlux\appp\social_media_FE\node_modules\@babel\parser\lib\index.js:4776:20)
      at TypeScriptParserMixin.parseExprSubscripts (D:\Learning\Javaaa\Learn_Backend\Spring_WebFlux\appp\social_media_FE\node_modules\@babel\parser\lib\index.js:11098:23)
      at TypeScriptParserMixin.parseUpdate (D:\Learning\Javaaa\Learn_Backend\Spring_WebFlux\appp\social_media_FE\node_modules\@babel\parser\lib\index.js:11083:21)
      at TypeScriptParserMixin.parseMaybeUnary (D:\Learning\Javaaa\Learn_Backend\Spring_WebFlux\appp\social_media_FE\node_modules\@babel\parser\lib\index.js:11063:23)
      at TypeScriptParserMixin.parseMaybeUnary (D:\Learning\Javaaa\Learn_Backend\Spring_WebFlux\appp\social_media_FE\node_modules\@babel\parser\lib\index.js:9854:18)
      at TypeScriptParserMixin.parseMaybeUnaryOrPrivate (D:\Learning\Javaaa\Learn_Backend\Spring_WebFlux\appp\social_media_FE\node_modules\@babel\parser\lib\index.js:10916:61)
      at TypeScriptParserMixin.parseExprOps (D:\Learning\Javaaa\Learn_Backend\Spring_WebFlux\appp\social_media_FE\node_modules\@babel\parser\lib\index.js:10921:23)
      at TypeScriptParserMixin.parseMaybeConditional (D:\Learning\Javaaa\Learn_Backend\Spring_WebFlux\appp\social_media_FE\node_modules\@babel\parser\lib\index.js:10898:23)
      at TypeScriptParserMixin.parseMaybeAssign (D:\Learning\Javaaa\Learn_Backend\Spring_WebFlux\appp\social_media_FE\node_modules\@babel\parser\lib\index.js:10848:21)
      at TypeScriptParserMixin.parseMaybeAssign (D:\Learning\Javaaa\Learn_Backend\Spring_WebFlux\appp\social_media_FE\node_modules\@babel\parser\lib\index.js:9803:20)
      at TypeScriptParserMixin.parseExpressionBase (D:\Learning\Javaaa\Learn_Backend\Spring_WebFlux\appp\social_media_FE\node_modules\@babel\parser\lib\index.js:10801:23)
      at D:\Learning\Javaaa\Learn_Backend\Spring_WebFlux\appp\social_media_FE\node_modules\@babel\parser\lib\index.js:10797:39
      at TypeScriptParserMixin.allowInAnd (D:\Learning\Javaaa\Learn_Backend\Spring_WebFlux\appp\social_media_FE\node_modules\@babel\parser\lib\index.js:12438:16)
      at TypeScriptParserMixin.parseExpression (D:\Learning\Javaaa\Learn_Backend\Spring_WebFlux\appp\social_media_FE\node_modules\@babel\parser\lib\index.js:10797:17)
      at TypeScriptParserMixin.parseStatementContent (D:\Learning\Javaaa\Learn_Backend\Spring_WebFlux\appp\social_media_FE\node_modules\@babel\parser\lib\index.js:12912:23)
      at TypeScriptParserMixin.parseStatementContent (D:\Learning\Javaaa\Learn_Backend\Spring_WebFlux\appp\social_media_FE\node_modules\@babel\parser\lib\index.js:9525:18)
      at TypeScriptParserMixin.parseStatementLike (D:\Learning\Javaaa\Learn_Backend\Spring_WebFlux\appp\social_media_FE\node_modules\@babel\parser\lib\index.js:12784:17)
      at TypeScriptParserMixin.parseStatementListItem (D:\Learning\Javaaa\Learn_Backend\Spring_WebFlux\appp\social_media_FE\node_modules\@babel\parser\lib\index.js:12764:17)
      at TypeScriptParserMixin.parseBlockOrModuleBlockBody (D:\Learning\Javaaa\Learn_Backend\Spring_WebFlux\appp\social_media_FE\node_modules\@babel\parser\lib\index.js:13333:61)
      at TypeScriptParserMixin.parseBlockBody (D:\Learning\Javaaa\Learn_Backend\Spring_WebFlux\appp\social_media_FE\node_modules\@babel\parser\lib\index.js:13326:10)
      at TypeScriptParserMixin.parseBlock (D:\Learning\Javaaa\Learn_Backend\Spring_WebFlux\appp\social_media_FE\node_modules\@babel\parser\lib\index.js:13314:10)
      at TypeScriptParserMixin.parseFunctionBody (D:\Learning\Javaaa\Learn_Backend\Spring_WebFlux\appp\social_media_FE\node_modules\@babel\parser\lib\index.js:12117:24)
      at TypeScriptParserMixin.parseFunctionBodyAndFinish (D:\Learning\Javaaa\Learn_Backend\Spring_WebFlux\appp\social_media_FE\node_modules\@babel\parser\lib\index.js:12103:10)
      at TypeScriptParserMixin.parseFunctionBodyAndFinish (D:\Learning\Javaaa\Learn_Backend\Spring_WebFlux\appp\social_media_FE\node_modules\@babel\parser\lib\index.js:9189:18)
      at D:\Learning\Javaaa\Learn_Backend\Spring_WebFlux\appp\social_media_FE\node_modules\@babel\parser\lib\index.js:13462:12
      at TypeScriptParserMixin.withSmartMixTopicForbiddingContext (D:\Learning\Javaaa\Learn_Backend\Spring_WebFlux\appp\social_media_FE\node_modules\@babel\parser\lib\index.js:12420:14)
      at TypeScriptParserMixin.parseFunction (D:\Learning\Javaaa\Learn_Backend\Spring_WebFlux\appp\social_media_FE\node_modules\@babel\parser\lib\index.js:13461:10)
      at TypeScriptParserMixin.parseFunctionStatement (D:\Learning\Javaaa\Learn_Backend\Spring_WebFlux\appp\social_media_FE\node_modules\@babel\parser\lib\index.js:13142:17)
      at TypeScriptParserMixin.parseStatementContent (D:\Learning\Javaaa\Learn_Backend\Spring_WebFlux\appp\social_media_FE\node_modules\@babel\parser\lib\index.js:12907:25)
      at TypeScriptParserMixin.parseStatementContent (D:\Learning\Javaaa\Learn_Backend\Spring_WebFlux\appp\social_media_FE\node_modules\@babel\parser\lib\index.js:9525:18)
      at TypeScriptParserMixin.parseStatementLike (D:\Learning\Javaaa\Learn_Backend\Spring_WebFlux\appp\social_media_FE\node_modules\@babel\parser\lib\index.js:12784:17)
      at TypeScriptParserMixin.parseStatementListItem (D:\Learning\Javaaa\Learn_Backend\Spring_WebFlux\appp\social_media_FE\node_modules\@babel\parser\lib\index.js:12764:17)
      at TypeScriptParserMixin.parseBlockOrModuleBlockBody (D:\Learning\Javaaa\Learn_Backend\Spring_WebFlux\appp\social_media_FE\node_modules\@babel\parser\lib\index.js:13333:61)
      at TypeScriptParserMixin.parseBlockBody (D:\Learning\Javaaa\Learn_Backend\Spring_WebFlux\appp\social_media_FE\node_modules\@babel\parser\lib\index.js:13326:10)
      at TypeScriptParserMixin.parseBlock (D:\Learning\Javaaa\Learn_Backend\Spring_WebFlux\appp\social_media_FE\node_modules\@babel\parser\lib\index.js:13314:10)
      at TypeScriptParserMixin.parseFunctionBody (D:\Learning\Javaaa\Learn_Backend\Spring_WebFlux\appp\social_media_FE\node_modules\@babel\parser\lib\index.js:12117:24)
      at TypeScriptParserMixin.parseFunctionBodyAndFinish (D:\Learning\Javaaa\Learn_Backend\Spring_WebFlux\appp\social_media_FE\node_modules\@babel\parser\lib\index.js:12103:10)
      at TypeScriptParserMixin.parseFunctionBodyAndFinish (D:\Learning\Javaaa\Learn_Backend\Spring_WebFlux\appp\social_media_FE\node_modules\@babel\parser\lib\index.js:9189:18)
      at D:\Learning\Javaaa\Learn_Backend\Spring_WebFlux\appp\social_media_FE\node_modules\@babel\parser\lib\index.js:13462:12
      at TypeScriptParserMixin.withSmartMixTopicForbiddingContext (D:\Learning\Javaaa\Learn_Backend\Spring_WebFlux\appp\social_media_FE\node_modules\@babel\parser\lib\index.js:12420:14)
      at TypeScriptParserMixin.parseFunction (D:\Learning\Javaaa\Learn_Backend\Spring_WebFlux\appp\social_media_FE\node_modules\@babel\parser\lib\index.js:13461:10)
      at TypeScriptParserMixin.parseFunctionStatement (D:\Learning\Javaaa\Learn_Backend\Spring_WebFlux\appp\social_media_FE\node_modules\@babel\parser\lib\index.js:13142:17)
      at TypeScriptParserMixin.parseStatementContent (D:\Learning\Javaaa\Learn_Backend\Spring_WebFlux\appp\social_media_FE\node_modules\@babel\parser\lib\index.js:12808:21)
      at TypeScriptParserMixin.parseStatementContent (D:\Learning\Javaaa\Learn_Backend\Spring_WebFlux\appp\social_media_FE\node_modules\@babel\parser\lib\index.js:9525:18)
      at TypeScriptParserMixin.parseStatementLike (D:\Learning\Javaaa\Learn_Backend\Spring_WebFlux\appp\social_media_FE\node_modules\@babel\parser\lib\index.js:12784:17)
      at TypeScriptParserMixin.parseStatementListItem (D:\Learning\Javaaa\Learn_Backend\Spring_WebFlux\appp\social_media_FE\node_modules\@babel\parser\lib\index.js:12764:17)
[2m01:02:22[22m [31m[1m[vite][22m[39m [31mInternal server error: D:\Learning\Javaaa\Learn_Backend\Spring_WebFlux\appp\social_media_FE\src\PostCreationStudio.tsx: Unexpected token (664:1)

[0m [90m 662 |[31m   [36mconst[31m [title[33m,[31m detail] [33m=[31m copy[status][33m;[31m
 [90m 663 |[31m   [36mreturn[31m [33m<[31m[33mdiv[31m className[33m=[31m[32m"create-status"[31m[33m>[31m[33m<[31m[33mstrong[31m[33m>[31m{title}[33m<[31m[33m/[31m[33mstrong[31m[33m>[31m[33m<[31m[33mspan[31m[33m>[31m{detail}[33m<[31m[33m/[31m[33mspan[31m[33m>[31m[33m<[31m[33m/[31m[33mdiv[31m[33m>[31m[33m;[31m
[31m[1m>[22m[31m[90m 664 |[31m }
 [90m     |[31m  [31m[1m^[22m[31m[0m[39m
  Plugin: [35mvite:react-babel[39m
  File: [36mD:/Learning/Javaaa/Learn_Backend/Spring_WebFlux/appp/social_media_FE/src/PostCreationStudio.tsx[39m:664:1
      at constructor (D:\Learning\Javaaa\Learn_Backend\Spring_WebFlux\appp\social_media_FE\node_modules\@babel\parser\lib\index.js:365:19)
      at TypeScriptParserMixin.raise (D:\Learning\Javaaa\Learn_Backend\Spring_WebFlux\appp\social_media_FE\node_modules\@babel\parser\lib\index.js:6616:19)
      at TypeScriptParserMixin.unexpected (D:\Learning\Javaaa\Learn_Backend\Spring_WebFlux\appp\social_media_FE\node_modules\@babel\parser\lib\index.js:6636:16)
      at TypeScriptParserMixin.parseExprAtom (D:\Learning\Javaaa\Learn_Backend\Spring_WebFlux\appp\social_media_FE\node_modules\@babel\parser\lib\index.js:11459:22)
      at TypeScriptParserMixin.parseExprAtom (D:\Learning\Javaaa\Learn_Backend\Spring_WebFlux\appp\social_media_FE\node_modules\@babel\parser\lib\index.js:4776:20)
      at TypeScriptParserMixin.parseExprSubscripts (D:\Learning\Javaaa\Learn_Backend\Spring_WebFlux\appp\social_media_FE\node_modules\@babel\parser\lib\index.js:11098:23)
      at TypeScriptParserMixin.parseUpdate (D:\Learning\Javaaa\Learn_Backend\Spring_WebFlux\appp\social_media_FE\node_modules\@babel\parser\lib\index.js:11083:21)
      at TypeScriptParserMixin.parseMaybeUnary (D:\Learning\Javaaa\Learn_Backend\Spring_WebFlux\appp\social_media_FE\node_modules\@babel\parser\lib\index.js:11063:23)
      at TypeScriptParserMixin.parseMaybeUnary (D:\Learning\Javaaa\Learn_Backend\Spring_WebFlux\appp\social_media_FE\node_modules\@babel\parser\lib\index.js:9854:18)
      at TypeScriptParserMixin.parseMaybeUnaryOrPrivate (D:\Learning\Javaaa\Learn_Backend\Spring_WebFlux\appp\social_media_FE\node_modules\@babel\parser\lib\index.js:10916:61)
      at TypeScriptParserMixin.parseExprOps (D:\Learning\Javaaa\Learn_Backend\Spring_WebFlux\appp\social_media_FE\node_modules\@babel\parser\lib\index.js:10921:23)
      at TypeScriptParserMixin.parseMaybeConditional (D:\Learning\Javaaa\Learn_Backend\Spring_WebFlux\appp\social_media_FE\node_modules\@babel\parser\lib\index.js:10898:23)
      at TypeScriptParserMixin.parseMaybeAssign (D:\Learning\Javaaa\Learn_Backend\Spring_WebFlux\appp\social_media_FE\node_modules\@babel\parser\lib\index.js:10848:21)
      at TypeScriptParserMixin.parseMaybeAssign (D:\Learning\Javaaa\Learn_Backend\Spring_WebFlux\appp\social_media_FE\node_modules\@babel\parser\lib\index.js:9803:20)
      at TypeScriptParserMixin.parseExpressionBase (D:\Learning\Javaaa\Learn_Backend\Spring_WebFlux\appp\social_media_FE\node_modules\@babel\parser\lib\index.js:10801:23)
      at D:\Learning\Javaaa\Learn_Backend\Spring_WebFlux\appp\social_media_FE\node_modules\@babel\parser\lib\index.js:10797:39
      at TypeScriptParserMixin.allowInAnd (D:\Learning\Javaaa\Learn_Backend\Spring_WebFlux\appp\social_media_FE\node_modules\@babel\parser\lib\index.js:12438:16)
      at TypeScriptParserMixin.parseExpression (D:\Learning\Javaaa\Learn_Backend\Spring_WebFlux\appp\social_media_FE\node_modules\@babel\parser\lib\index.js:10797:17)
      at TypeScriptParserMixin.parseStatementContent (D:\Learning\Javaaa\Learn_Backend\Spring_WebFlux\appp\social_media_FE\node_modules\@babel\parser\lib\index.js:12912:23)
      at TypeScriptParserMixin.parseStatementContent (D:\Learning\Javaaa\Learn_Backend\Spring_WebFlux\appp\social_media_FE\node_modules\@babel\parser\lib\index.js:9525:18)
      at TypeScriptParserMixin.parseStatementLike (D:\Learning\Javaaa\Learn_Backend\Spring_WebFlux\appp\social_media_FE\node_modules\@babel\parser\lib\index.js:12784:17)
      at TypeScriptParserMixin.parseStatementListItem (D:\Learning\Javaaa\Learn_Backend\Spring_WebFlux\appp\social_media_FE\node_modules\@babel\parser\lib\index.js:12764:17)
      at TypeScriptParserMixin.parseBlockOrModuleBlockBody (D:\Learning\Javaaa\Learn_Backend\Spring_WebFlux\appp\social_media_FE\node_modules\@babel\parser\lib\index.js:13333:61)
      at TypeScriptParserMixin.parseBlockBody (D:\Learning\Javaaa\Learn_Backend\Spring_WebFlux\appp\social_media_FE\node_modules\@babel\parser\lib\index.js:13326:10)
      at TypeScriptParserMixin.parseBlock (D:\Learning\Javaaa\Learn_Backend\Spring_WebFlux\appp\social_media_FE\node_modules\@babel\parser\lib\index.js:13314:10)
      at TypeScriptParserMixin.parseFunctionBody (D:\Learning\Javaaa\Learn_Backend\Spring_WebFlux\appp\social_media_FE\node_modules\@babel\parser\lib\index.js:12117:24)
      at TypeScriptParserMixin.parseFunctionBodyAndFinish (D:\Learning\Javaaa\Learn_Backend\Spring_WebFlux\appp\social_media_FE\node_modules\@babel\parser\lib\index.js:12103:10)
      at TypeScriptParserMixin.parseFunctionBodyAndFinish (D:\Learning\Javaaa\Learn_Backend\Spring_WebFlux\appp\social_media_FE\node_modules\@babel\parser\lib\index.js:9189:18)
      at D:\Learning\Javaaa\Learn_Backend\Spring_WebFlux\appp\social_media_FE\node_modules\@babel\parser\lib\index.js:13462:12
      at TypeScriptParserMixin.withSmartMixTopicForbiddingContext (D:\Learning\Javaaa\Learn_Backend\Spring_WebFlux\appp\social_media_FE\node_modules\@babel\parser\lib\index.js:12420:14)
      at TypeScriptParserMixin.parseFunction (D:\Learning\Javaaa\Learn_Backend\Spring_WebFlux\appp\social_media_FE\node_modules\@babel\parser\lib\index.js:13461:10)
      at TypeScriptParserMixin.parseFunctionStatement (D:\Learning\Javaaa\Learn_Backend\Spring_WebFlux\appp\social_media_FE\node_modules\@babel\parser\lib\index.js:13142:17)
      at TypeScriptParserMixin.parseStatementContent (D:\Learning\Javaaa\Learn_Backend\Spring_WebFlux\appp\social_media_FE\node_modules\@babel\parser\lib\index.js:12907:25)
      at TypeScriptParserMixin.parseStatementContent (D:\Learning\Javaaa\Learn_Backend\Spring_WebFlux\appp\social_media_FE\node_modules\@babel\parser\lib\index.js:9525:18)
      at TypeScriptParserMixin.parseStatementLike (D:\Learning\Javaaa\Learn_Backend\Spring_WebFlux\appp\social_media_FE\node_modules\@babel\parser\lib\index.js:12784:17)
      at TypeScriptParserMixin.parseStatementListItem (D:\Learning\Javaaa\Learn_Backend\Spring_WebFlux\appp\social_media_FE\node_modules\@babel\parser\lib\index.js:12764:17)
      at TypeScriptParserMixin.parseBlockOrModuleBlockBody (D:\Learning\Javaaa\Learn_Backend\Spring_WebFlux\appp\social_media_FE\node_modules\@babel\parser\lib\index.js:13333:61)
      at TypeScriptParserMixin.parseBlockBody (D:\Learning\Javaaa\Learn_Backend\Spring_WebFlux\appp\social_media_FE\node_modules\@babel\parser\lib\index.js:13326:10)
      at TypeScriptParserMixin.parseBlock (D:\Learning\Javaaa\Learn_Backend\Spring_WebFlux\appp\social_media_FE\node_modules\@babel\parser\lib\index.js:13314:10)
      at TypeScriptParserMixin.parseFunctionBody (D:\Learning\Javaaa\Learn_Backend\Spring_WebFlux\appp\social_media_FE\node_modules\@babel\parser\lib\index.js:12117:24)
      at TypeScriptParserMixin.parseFunctionBodyAndFinish (D:\Learning\Javaaa\Learn_Backend\Spring_WebFlux\appp\social_media_FE\node_modules\@babel\parser\lib\index.js:12103:10)
      at TypeScriptParserMixin.parseFunctionBodyAndFinish (D:\Learning\Javaaa\Learn_Backend\Spring_WebFlux\appp\social_media_FE\node_modules\@babel\parser\lib\index.js:9189:18)
      at D:\Learning\Javaaa\Learn_Backend\Spring_WebFlux\appp\social_media_FE\node_modules\@babel\parser\lib\index.js:13462:12
      at TypeScriptParserMixin.withSmartMixTopicForbiddingContext (D:\Learning\Javaaa\Learn_Backend\Spring_WebFlux\appp\social_media_FE\node_modules\@babel\parser\lib\index.js:12420:14)
      at TypeScriptParserMixin.parseFunction (D:\Learning\Javaaa\Learn_Backend\Spring_WebFlux\appp\social_media_FE\node_modules\@babel\parser\lib\index.js:13461:10)
      at TypeScriptParserMixin.parseFunctionStatement (D:\Learning\Javaaa\Learn_Backend\Spring_WebFlux\appp\social_media_FE\node_modules\@babel\parser\lib\index.js:13142:17)
      at TypeScriptParserMixin.parseStatementContent (D:\Learning\Javaaa\Learn_Backend\Spring_WebFlux\appp\social_media_FE\node_modules\@babel\parser\lib\index.js:12808:21)
      at TypeScriptParserMixin.parseStatementContent (D:\Learning\Javaaa\Learn_Backend\Spring_WebFlux\appp\social_media_FE\node_modules\@babel\parser\lib\index.js:9525:18)
      at TypeScriptParserMixin.parseStatementLike (D:\Learning\Javaaa\Learn_Backend\Spring_WebFlux\appp\social_media_FE\node_modules\@babel\parser\lib\index.js:12784:17)
      at TypeScriptParserMixin.parseStatementListItem (D:\Learning\Javaaa\Learn_Backend\Spring_WebFlux\appp\social_media_FE\node_modules\@babel\parser\lib\index.js:12764:17)
[2m01:03:25[22m [31m[1m[vite][22m[39m [31mInternal server error: D:\Learning\Javaaa\Learn_Backend\Spring_WebFlux\appp\social_media_FE\src\PostCreationStudio.tsx: Unexpected token (667:1)

[0m [90m 665 |[31m   [36mconst[31m [title[33m,[31m detail] [33m=[31m copy[status][33m;[31m
 [90m 666 |[31m   [36mreturn[31m [33m<[31m[33mdiv[31m className[33m=[31m[32m"create-status"[31m[33m>[31m[33m<[31m[33mstrong[31m[33m>[31m{title}[33m<[31m[33m/[31m[33mstrong[31m[33m>[31m[33m<[31m[33mspan[31m[33m>[31m{detail}[33m<[31m[33m/[31m[33mspan[31m[33m>[31m[33m<[31m[33m/[31m[33mdiv[31m[33m>[31m[33m;[31m
[31m[1m>[22m[31m[90m 667 |[31m }
 [90m     |[31m  [31m[1m^[22m[31m[0m[39m
  Plugin: [35mvite:react-babel[39m
  File: [36mD:/Learning/Javaaa/Learn_Backend/Spring_WebFlux/appp/social_media_FE/src/PostCreationStudio.tsx[39m:667:1
      at constructor (D:\Learning\Javaaa\Learn_Backend\Spring_WebFlux\appp\social_media_FE\node_modules\@babel\parser\lib\index.js:365:19)
      at TypeScriptParserMixin.raise (D:\Learning\Javaaa\Learn_Backend\Spring_WebFlux\appp\social_media_FE\node_modules\@babel\parser\lib\index.js:6616:19)
      at TypeScriptParserMixin.unexpected (D:\Learning\Javaaa\Learn_Backend\Spring_WebFlux\appp\social_media_FE\node_modules\@babel\parser\lib\index.js:6636:16)
      at TypeScriptParserMixin.parseExprAtom (D:\Learning\Javaaa\Learn_Backend\Spring_WebFlux\appp\social_media_FE\node_modules\@babel\parser\lib\index.js:11459:22)
      at TypeScriptParserMixin.parseExprAtom (D:\Learning\Javaaa\Learn_Backend\Spring_WebFlux\appp\social_media_FE\node_modules\@babel\parser\lib\index.js:4776:20)
      at TypeScriptParserMixin.parseExprSubscripts (D:\Learning\Javaaa\Learn_Backend\Spring_WebFlux\appp\social_media_FE\node_modules\@babel\parser\lib\index.js:11098:23)
      at TypeScriptParserMixin.parseUpdate (D:\Learning\Javaaa\Learn_Backend\Spring_WebFlux\appp\social_media_FE\node_modules\@babel\parser\lib\index.js:11083:21)
      at TypeScriptParserMixin.parseMaybeUnary (D:\Learning\Javaaa\Learn_Backend\Spring_WebFlux\appp\social_media_FE\node_modules\@babel\parser\lib\index.js:11063:23)
      at TypeScriptParserMixin.parseMaybeUnary (D:\Learning\Javaaa\Learn_Backend\Spring_WebFlux\appp\social_media_FE\node_modules\@babel\parser\lib\index.js:9854:18)
      at TypeScriptParserMixin.parseMaybeUnaryOrPrivate (D:\Learning\Javaaa\Learn_Backend\Spring_WebFlux\appp\social_media_FE\node_modules\@babel\parser\lib\index.js:10916:61)
      at TypeScriptParserMixin.parseExprOps (D:\Learning\Javaaa\Learn_Backend\Spring_WebFlux\appp\social_media_FE\node_modules\@babel\parser\lib\index.js:10921:23)
      at TypeScriptParserMixin.parseMaybeConditional (D:\Learning\Javaaa\Learn_Backend\Spring_WebFlux\appp\social_media_FE\node_modules\@babel\parser\lib\index.js:10898:23)
      at TypeScriptParserMixin.parseMaybeAssign (D:\Learning\Javaaa\Learn_Backend\Spring_WebFlux\appp\social_media_FE\node_modules\@babel\parser\lib\index.js:10848:21)
      at TypeScriptParserMixin.parseMaybeAssign (D:\Learning\Javaaa\Learn_Backend\Spring_WebFlux\appp\social_media_FE\node_modules\@babel\parser\lib\index.js:9803:20)
      at TypeScriptParserMixin.parseExpressionBase (D:\Learning\Javaaa\Learn_Backend\Spring_WebFlux\appp\social_media_FE\node_modules\@babel\parser\lib\index.js:10801:23)
      at D:\Learning\Javaaa\Learn_Backend\Spring_WebFlux\appp\social_media_FE\node_modules\@babel\parser\lib\index.js:10797:39
      at TypeScriptParserMixin.allowInAnd (D:\Learning\Javaaa\Learn_Backend\Spring_WebFlux\appp\social_media_FE\node_modules\@babel\parser\lib\index.js:12438:16)
      at TypeScriptParserMixin.parseExpression (D:\Learning\Javaaa\Learn_Backend\Spring_WebFlux\appp\social_media_FE\node_modules\@babel\parser\lib\index.js:10797:17)
      at TypeScriptParserMixin.parseStatementContent (D:\Learning\Javaaa\Learn_Backend\Spring_WebFlux\appp\social_media_FE\node_modules\@babel\parser\lib\index.js:12912:23)
      at TypeScriptParserMixin.parseStatementContent (D:\Learning\Javaaa\Learn_Backend\Spring_WebFlux\appp\social_media_FE\node_modules\@babel\parser\lib\index.js:9525:18)
      at TypeScriptParserMixin.parseStatementLike (D:\Learning\Javaaa\Learn_Backend\Spring_WebFlux\appp\social_media_FE\node_modules\@babel\parser\lib\index.js:12784:17)
      at TypeScriptParserMixin.parseStatementListItem (D:\Learning\Javaaa\Learn_Backend\Spring_WebFlux\appp\social_media_FE\node_modules\@babel\parser\lib\index.js:12764:17)
      at TypeScriptParserMixin.parseBlockOrModuleBlockBody (D:\Learning\Javaaa\Learn_Backend\Spring_WebFlux\appp\social_media_FE\node_modules\@babel\parser\lib\index.js:13333:61)
      at TypeScriptParserMixin.parseBlockBody (D:\Learning\Javaaa\Learn_Backend\Spring_WebFlux\appp\social_media_FE\node_modules\@babel\parser\lib\index.js:13326:10)
      at TypeScriptParserMixin.parseBlock (D:\Learning\Javaaa\Learn_Backend\Spring_WebFlux\appp\social_media_FE\node_modules\@babel\parser\lib\index.js:13314:10)
      at TypeScriptParserMixin.parseFunctionBody (D:\Learning\Javaaa\Learn_Backend\Spring_WebFlux\appp\social_media_FE\node_modules\@babel\parser\lib\index.js:12117:24)
      at TypeScriptParserMixin.parseFunctionBodyAndFinish (D:\Learning\Javaaa\Learn_Backend\Spring_WebFlux\appp\social_media_FE\node_modules\@babel\parser\lib\index.js:12103:10)
      at TypeScriptParserMixin.parseFunctionBodyAndFinish (D:\Learning\Javaaa\Learn_Backend\Spring_WebFlux\appp\social_media_FE\node_modules\@babel\parser\lib\index.js:9189:18)
      at D:\Learning\Javaaa\Learn_Backend\Spring_WebFlux\appp\social_media_FE\node_modules\@babel\parser\lib\index.js:13462:12
      at TypeScriptParserMixin.withSmartMixTopicForbiddingContext (D:\Learning\Javaaa\Learn_Backend\Spring_WebFlux\appp\social_media_FE\node_modules\@babel\parser\lib\index.js:12420:14)
      at TypeScriptParserMixin.parseFunction (D:\Learning\Javaaa\Learn_Backend\Spring_WebFlux\appp\social_media_FE\node_modules\@babel\parser\lib\index.js:13461:10)
      at TypeScriptParserMixin.parseFunctionStatement (D:\Learning\Javaaa\Learn_Backend\Spring_WebFlux\appp\social_media_FE\node_modules\@babel\parser\lib\index.js:13142:17)
      at TypeScriptParserMixin.parseStatementContent (D:\Learning\Javaaa\Learn_Backend\Spring_WebFlux\appp\social_media_FE\node_modules\@babel\parser\lib\index.js:12907:25)
      at TypeScriptParserMixin.parseStatementContent (D:\Learning\Javaaa\Learn_Backend\Spring_WebFlux\appp\social_media_FE\node_modules\@babel\parser\lib\index.js:9525:18)
      at TypeScriptParserMixin.parseStatementLike (D:\Learning\Javaaa\Learn_Backend\Spring_WebFlux\appp\social_media_FE\node_modules\@babel\parser\lib\index.js:12784:17)
      at TypeScriptParserMixin.parseStatementListItem (D:\Learning\Javaaa\Learn_Backend\Spring_WebFlux\appp\social_media_FE\node_modules\@babel\parser\lib\index.js:12764:17)
      at TypeScriptParserMixin.parseBlockOrModuleBlockBody (D:\Learning\Javaaa\Learn_Backend\Spring_WebFlux\appp\social_media_FE\node_modules\@babel\parser\lib\index.js:13333:61)
      at TypeScriptParserMixin.parseBlockBody (D:\Learning\Javaaa\Learn_Backend\Spring_WebFlux\appp\social_media_FE\node_modules\@babel\parser\lib\index.js:13326:10)
      at TypeScriptParserMixin.parseBlock (D:\Learning\Javaaa\Learn_Backend\Spring_WebFlux\appp\social_media_FE\node_modules\@babel\parser\lib\index.js:13314:10)
      at TypeScriptParserMixin.parseFunctionBody (D:\Learning\Javaaa\Learn_Backend\Spring_WebFlux\appp\social_media_FE\node_modules\@babel\parser\lib\index.js:12117:24)
      at TypeScriptParserMixin.parseFunctionBodyAndFinish (D:\Learning\Javaaa\Learn_Backend\Spring_WebFlux\appp\social_media_FE\node_modules\@babel\parser\lib\index.js:12103:10)
      at TypeScriptParserMixin.parseFunctionBodyAndFinish (D:\Learning\Javaaa\Learn_Backend\Spring_WebFlux\appp\social_media_FE\node_modules\@babel\parser\lib\index.js:9189:18)
      at D:\Learning\Javaaa\Learn_Backend\Spring_WebFlux\appp\social_media_FE\node_modules\@babel\parser\lib\index.js:13462:12
      at TypeScriptParserMixin.withSmartMixTopicForbiddingContext (D:\Learning\Javaaa\Learn_Backend\Spring_WebFlux\appp\social_media_FE\node_modules\@babel\parser\lib\index.js:12420:14)
      at TypeScriptParserMixin.parseFunction (D:\Learning\Javaaa\Learn_Backend\Spring_WebFlux\appp\social_media_FE\node_modules\@babel\parser\lib\index.js:13461:10)
      at TypeScriptParserMixin.parseFunctionStatement (D:\Learning\Javaaa\Learn_Backend\Spring_WebFlux\appp\social_media_FE\node_modules\@babel\parser\lib\index.js:13142:17)
      at TypeScriptParserMixin.parseStatementContent (D:\Learning\Javaaa\Learn_Backend\Spring_WebFlux\appp\social_media_FE\node_modules\@babel\parser\lib\index.js:12808:21)
      at TypeScriptParserMixin.parseStatementContent (D:\Learning\Javaaa\Learn_Backend\Spring_WebFlux\appp\social_media_FE\node_modules\@babel\parser\lib\index.js:9525:18)
      at TypeScriptParserMixin.parseStatementLike (D:\Learning\Javaaa\Learn_Backend\Spring_WebFlux\appp\social_media_FE\node_modules\@babel\parser\lib\index.js:12784:17)
      at TypeScriptParserMixin.parseStatementListItem (D:\Learning\Javaaa\Learn_Backend\Spring_WebFlux\appp\social_media_FE\node_modules\@babel\parser\lib\index.js:12764:17)
[2m01:03:25[22m [31m[1m[vite][22m[39m [31mInternal server error: D:\Learning\Javaaa\Learn_Backend\Spring_WebFlux\appp\social_media_FE\src\PostCreationStudio.tsx: Unexpected token (667:1)

[0m [90m 665 |[31m   [36mconst[31m [title[33m,[31m detail] [33m=[31m copy[status][33m;[31m
 [90m 666 |[31m   [36mreturn[31m [33m<[31m[33mdiv[31m className[33m=[31m[32m"create-status"[31m[33m>[31m[33m<[31m[33mstrong[31m[33m>[31m{title}[33m<[31m[33m/[31m[33mstrong[31m[33m>[31m[33m<[31m[33mspan[31m[33m>[31m{detail}[33m<[31m[33m/[31m[33mspan[31m[33m>[31m[33m<[31m[33m/[31m[33mdiv[31m[33m>[31m[33m;[31m
[31m[1m>[22m[31m[90m 667 |[31m }
 [90m     |[31m  [31m[1m^[22m[31m[0m[39m
  Plugin: [35mvite:react-babel[39m
  File: [36mD:/Learning/Javaaa/Learn_Backend/Spring_WebFlux/appp/social_media_FE/src/PostCreationStudio.tsx[39m:667:1
      at constructor (D:\Learning\Javaaa\Learn_Backend\Spring_WebFlux\appp\social_media_FE\node_modules\@babel\parser\lib\index.js:365:19)
      at TypeScriptParserMixin.raise (D:\Learning\Javaaa\Learn_Backend\Spring_WebFlux\appp\social_media_FE\node_modules\@babel\parser\lib\index.js:6616:19)
      at TypeScriptParserMixin.unexpected (D:\Learning\Javaaa\Learn_Backend\Spring_WebFlux\appp\social_media_FE\node_modules\@babel\parser\lib\index.js:6636:16)
      at TypeScriptParserMixin.parseExprAtom (D:\Learning\Javaaa\Learn_Backend\Spring_WebFlux\appp\social_media_FE\node_modules\@babel\parser\lib\index.js:11459:22)
      at TypeScriptParserMixin.parseExprAtom (D:\Learning\Javaaa\Learn_Backend\Spring_WebFlux\appp\social_media_FE\node_modules\@babel\parser\lib\index.js:4776:20)
      at TypeScriptParserMixin.parseExprSubscripts (D:\Learning\Javaaa\Learn_Backend\Spring_WebFlux\appp\social_media_FE\node_modules\@babel\parser\lib\index.js:11098:23)
      at TypeScriptParserMixin.parseUpdate (D:\Learning\Javaaa\Learn_Backend\Spring_WebFlux\appp\social_media_FE\node_modules\@babel\parser\lib\index.js:11083:21)
      at TypeScriptParserMixin.parseMaybeUnary (D:\Learning\Javaaa\Learn_Backend\Spring_WebFlux\appp\social_media_FE\node_modules\@babel\parser\lib\index.js:11063:23)
      at TypeScriptParserMixin.parseMaybeUnary (D:\Learning\Javaaa\Learn_Backend\Spring_WebFlux\appp\social_media_FE\node_modules\@babel\parser\lib\index.js:9854:18)
      at TypeScriptParserMixin.parseMaybeUnaryOrPrivate (D:\Learning\Javaaa\Learn_Backend\Spring_WebFlux\appp\social_media_FE\node_modules\@babel\parser\lib\index.js:10916:61)
      at TypeScriptParserMixin.parseExprOps (D:\Learning\Javaaa\Learn_Backend\Spring_WebFlux\appp\social_media_FE\node_modules\@babel\parser\lib\index.js:10921:23)
      at TypeScriptParserMixin.parseMaybeConditional (D:\Learning\Javaaa\Learn_Backend\Spring_WebFlux\appp\social_media_FE\node_modules\@babel\parser\lib\index.js:10898:23)
      at TypeScriptParserMixin.parseMaybeAssign (D:\Learning\Javaaa\Learn_Backend\Spring_WebFlux\appp\social_media_FE\node_modules\@babel\parser\lib\index.js:10848:21)
      at TypeScriptParserMixin.parseMaybeAssign (D:\Learning\Javaaa\Learn_Backend\Spring_WebFlux\appp\social_media_FE\node_modules\@babel\parser\lib\index.js:9803:20)
      at TypeScriptParserMixin.parseExpressionBase (D:\Learning\Javaaa\Learn_Backend\Spring_WebFlux\appp\social_media_FE\node_modules\@babel\parser\lib\index.js:10801:23)
      at D:\Learning\Javaaa\Learn_Backend\Spring_WebFlux\appp\social_media_FE\node_modules\@babel\parser\lib\index.js:10797:39
      at TypeScriptParserMixin.allowInAnd (D:\Learning\Javaaa\Learn_Backend\Spring_WebFlux\appp\social_media_FE\node_modules\@babel\parser\lib\index.js:12438:16)
      at TypeScriptParserMixin.parseExpression (D:\Learning\Javaaa\Learn_Backend\Spring_WebFlux\appp\social_media_FE\node_modules\@babel\parser\lib\index.js:10797:17)
      at TypeScriptParserMixin.parseStatementContent (D:\Learning\Javaaa\Learn_Backend\Spring_WebFlux\appp\social_media_FE\node_modules\@babel\parser\lib\index.js:12912:23)
      at TypeScriptParserMixin.parseStatementContent (D:\Learning\Javaaa\Learn_Backend\Spring_WebFlux\appp\social_media_FE\node_modules\@babel\parser\lib\index.js:9525:18)
      at TypeScriptParserMixin.parseStatementLike (D:\Learning\Javaaa\Learn_Backend\Spring_WebFlux\appp\social_media_FE\node_modules\@babel\parser\lib\index.js:12784:17)
      at TypeScriptParserMixin.parseStatementListItem (D:\Learning\Javaaa\Learn_Backend\Spring_WebFlux\appp\social_media_FE\node_modules\@babel\parser\lib\index.js:12764:17)
      at TypeScriptParserMixin.parseBlockOrModuleBlockBody (D:\Learning\Javaaa\Learn_Backend\Spring_WebFlux\appp\social_media_FE\node_modules\@babel\parser\lib\index.js:13333:61)
      at TypeScriptParserMixin.parseBlockBody (D:\Learning\Javaaa\Learn_Backend\Spring_WebFlux\appp\social_media_FE\node_modules\@babel\parser\lib\index.js:13326:10)
      at TypeScriptParserMixin.parseBlock (D:\Learning\Javaaa\Learn_Backend\Spring_WebFlux\appp\social_media_FE\node_modules\@babel\parser\lib\index.js:13314:10)
      at TypeScriptParserMixin.parseFunctionBody (D:\Learning\Javaaa\Learn_Backend\Spring_WebFlux\appp\social_media_FE\node_modules\@babel\parser\lib\index.js:12117:24)
      at TypeScriptParserMixin.parseFunctionBodyAndFinish (D:\Learning\Javaaa\Learn_Backend\Spring_WebFlux\appp\social_media_FE\node_modules\@babel\parser\lib\index.js:12103:10)
      at TypeScriptParserMixin.parseFunctionBodyAndFinish (D:\Learning\Javaaa\Learn_Backend\Spring_WebFlux\appp\social_media_FE\node_modules\@babel\parser\lib\index.js:9189:18)
      at D:\Learning\Javaaa\Learn_Backend\Spring_WebFlux\appp\social_media_FE\node_modules\@babel\parser\lib\index.js:13462:12
      at TypeScriptParserMixin.withSmartMixTopicForbiddingContext (D:\Learning\Javaaa\Learn_Backend\Spring_WebFlux\appp\social_media_FE\node_modules\@babel\parser\lib\index.js:12420:14)
      at TypeScriptParserMixin.parseFunction (D:\Learning\Javaaa\Learn_Backend\Spring_WebFlux\appp\social_media_FE\node_modules\@babel\parser\lib\index.js:13461:10)
      at TypeScriptParserMixin.parseFunctionStatement (D:\Learning\Javaaa\Learn_Backend\Spring_WebFlux\appp\social_media_FE\node_modules\@babel\parser\lib\index.js:13142:17)
      at TypeScriptParserMixin.parseStatementContent (D:\Learning\Javaaa\Learn_Backend\Spring_WebFlux\appp\social_media_FE\node_modules\@babel\parser\lib\index.js:12907:25)
      at TypeScriptParserMixin.parseStatementContent (D:\Learning\Javaaa\Learn_Backend\Spring_WebFlux\appp\social_media_FE\node_modules\@babel\parser\lib\index.js:9525:18)
      at TypeScriptParserMixin.parseStatementLike (D:\Learning\Javaaa\Learn_Backend\Spring_WebFlux\appp\social_media_FE\node_modules\@babel\parser\lib\index.js:12784:17)
      at TypeScriptParserMixin.parseStatementListItem (D:\Learning\Javaaa\Learn_Backend\Spring_WebFlux\appp\social_media_FE\node_modules\@babel\parser\lib\index.js:12764:17)
      at TypeScriptParserMixin.parseBlockOrModuleBlockBody (D:\Learning\Javaaa\Learn_Backend\Spring_WebFlux\appp\social_media_FE\node_modules\@babel\parser\lib\index.js:13333:61)
      at TypeScriptParserMixin.parseBlockBody (D:\Learning\Javaaa\Learn_Backend\Spring_WebFlux\appp\social_media_FE\node_modules\@babel\parser\lib\index.js:13326:10)
      at TypeScriptParserMixin.parseBlock (D:\Learning\Javaaa\Learn_Backend\Spring_WebFlux\appp\social_media_FE\node_modules\@babel\parser\lib\index.js:13314:10)
      at TypeScriptParserMixin.parseFunctionBody (D:\Learning\Javaaa\Learn_Backend\Spring_WebFlux\appp\social_media_FE\node_modules\@babel\parser\lib\index.js:12117:24)
      at TypeScriptParserMixin.parseFunctionBodyAndFinish (D:\Learning\Javaaa\Learn_Backend\Spring_WebFlux\appp\social_media_FE\node_modules\@babel\parser\lib\index.js:12103:10)
      at TypeScriptParserMixin.parseFunctionBodyAndFinish (D:\Learning\Javaaa\Learn_Backend\Spring_WebFlux\appp\social_media_FE\node_modules\@babel\parser\lib\index.js:9189:18)
      at D:\Learning\Javaaa\Learn_Backend\Spring_WebFlux\appp\social_media_FE\node_modules\@babel\parser\lib\index.js:13462:12
      at TypeScriptParserMixin.withSmartMixTopicForbiddingContext (D:\Learning\Javaaa\Learn_Backend\Spring_WebFlux\appp\social_media_FE\node_modules\@babel\parser\lib\index.js:12420:14)
      at TypeScriptParserMixin.parseFunction (D:\Learning\Javaaa\Learn_Backend\Spring_WebFlux\appp\social_media_FE\node_modules\@babel\parser\lib\index.js:13461:10)
      at TypeScriptParserMixin.parseFunctionStatement (D:\Learning\Javaaa\Learn_Backend\Spring_WebFlux\appp\social_media_FE\node_modules\@babel\parser\lib\index.js:13142:17)
      at TypeScriptParserMixin.parseStatementContent (D:\Learning\Javaaa\Learn_Backend\Spring_WebFlux\appp\social_media_FE\node_modules\@babel\parser\lib\index.js:12808:21)
      at TypeScriptParserMixin.parseStatementContent (D:\Learning\Javaaa\Learn_Backend\Spring_WebFlux\appp\social_media_FE\node_modules\@babel\parser\lib\index.js:9525:18)
      at TypeScriptParserMixin.parseStatementLike (D:\Learning\Javaaa\Learn_Backend\Spring_WebFlux\appp\social_media_FE\node_modules\@babel\parser\lib\index.js:12784:17)
      at TypeScriptParserMixin.parseStatementListItem (D:\Learning\Javaaa\Learn_Backend\Spring_WebFlux\appp\social_media_FE\node_modules\@babel\parser\lib\index.js:12764:17)
[2m01:03:25[22m [31m[1m[vite][22m[39m [31mInternal server error: D:\Learning\Javaaa\Learn_Backend\Spring_WebFlux\appp\social_media_FE\src\PostCreationStudio.tsx: Unexpected token (667:1)

[0m [90m 665 |[31m   [36mconst[31m [title[33m,[31m detail] [33m=[31m copy[status][33m;[31m
 [90m 666 |[31m   [36mreturn[31m [33m<[31m[33mdiv[31m className[33m=[31m[32m"create-status"[31m[33m>[31m[33m<[31m[33mstrong[31m[33m>[31m{title}[33m<[31m[33m/[31m[33mstrong[31m[33m>[31m[33m<[31m[33mspan[31m[33m>[31m{detail}[33m<[31m[33m/[31m[33mspan[31m[33m>[31m[33m<[31m[33m/[31m[33mdiv[31m[33m>[31m[33m;[31m
[31m[1m>[22m[31m[90m 667 |[31m }
 [90m     |[31m  [31m[1m^[22m[31m[0m[39m
  Plugin: [35mvite:react-babel[39m
  File: [36mD:/Learning/Javaaa/Learn_Backend/Spring_WebFlux/appp/social_media_FE/src/PostCreationStudio.tsx[39m:667:1
      at constructor (D:\Learning\Javaaa\Learn_Backend\Spring_WebFlux\appp\social_media_FE\node_modules\@babel\parser\lib\index.js:365:19)
      at TypeScriptParserMixin.raise (D:\Learning\Javaaa\Learn_Backend\Spring_WebFlux\appp\social_media_FE\node_modules\@babel\parser\lib\index.js:6616:19)
      at TypeScriptParserMixin.unexpected (D:\Learning\Javaaa\Learn_Backend\Spring_WebFlux\appp\social_media_FE\node_modules\@babel\parser\lib\index.js:6636:16)
      at TypeScriptParserMixin.parseExprAtom (D:\Learning\Javaaa\Learn_Backend\Spring_WebFlux\appp\social_media_FE\node_modules\@babel\parser\lib\index.js:11459:22)
      at TypeScriptParserMixin.parseExprAtom (D:\Learning\Javaaa\Learn_Backend\Spring_WebFlux\appp\social_media_FE\node_modules\@babel\parser\lib\index.js:4776:20)
      at TypeScriptParserMixin.parseExprSubscripts (D:\Learning\Javaaa\Learn_Backend\Spring_WebFlux\appp\social_media_FE\node_modules\@babel\parser\lib\index.js:11098:23)
      at TypeScriptParserMixin.parseUpdate (D:\Learning\Javaaa\Learn_Backend\Spring_WebFlux\appp\social_media_FE\node_modules\@babel\parser\lib\index.js:11083:21)
      at TypeScriptParserMixin.parseMaybeUnary (D:\Learning\Javaaa\Learn_Backend\Spring_WebFlux\appp\social_media_FE\node_modules\@babel\parser\lib\index.js:11063:23)
      at TypeScriptParserMixin.parseMaybeUnary (D:\Learning\Javaaa\Learn_Backend\Spring_WebFlux\appp\social_media_FE\node_modules\@babel\parser\lib\index.js:9854:18)
      at TypeScriptParserMixin.parseMaybeUnaryOrPrivate (D:\Learning\Javaaa\Learn_Backend\Spring_WebFlux\appp\social_media_FE\node_modules\@babel\parser\lib\index.js:10916:61)
      at TypeScriptParserMixin.parseExprOps (D:\Learning\Javaaa\Learn_Backend\Spring_WebFlux\appp\social_media_FE\node_modules\@babel\parser\lib\index.js:10921:23)
      at TypeScriptParserMixin.parseMaybeConditional (D:\Learning\Javaaa\Learn_Backend\Spring_WebFlux\appp\social_media_FE\node_modules\@babel\parser\lib\index.js:10898:23)
      at TypeScriptParserMixin.parseMaybeAssign (D:\Learning\Javaaa\Learn_Backend\Spring_WebFlux\appp\social_media_FE\node_modules\@babel\parser\lib\index.js:10848:21)
      at TypeScriptParserMixin.parseMaybeAssign (D:\Learning\Javaaa\Learn_Backend\Spring_WebFlux\appp\social_media_FE\node_modules\@babel\parser\lib\index.js:9803:20)
      at TypeScriptParserMixin.parseExpressionBase (D:\Learning\Javaaa\Learn_Backend\Spring_WebFlux\appp\social_media_FE\node_modules\@babel\parser\lib\index.js:10801:23)
      at D:\Learning\Javaaa\Learn_Backend\Spring_WebFlux\appp\social_media_FE\node_modules\@babel\parser\lib\index.js:10797:39
      at TypeScriptParserMixin.allowInAnd (D:\Learning\Javaaa\Learn_Backend\Spring_WebFlux\appp\social_media_FE\node_modules\@babel\parser\lib\index.js:12438:16)
      at TypeScriptParserMixin.parseExpression (D:\Learning\Javaaa\Learn_Backend\Spring_WebFlux\appp\social_media_FE\node_modules\@babel\parser\lib\index.js:10797:17)
      at TypeScriptParserMixin.parseStatementContent (D:\Learning\Javaaa\Learn_Backend\Spring_WebFlux\appp\social_media_FE\node_modules\@babel\parser\lib\index.js:12912:23)
      at TypeScriptParserMixin.parseStatementContent (D:\Learning\Javaaa\Learn_Backend\Spring_WebFlux\appp\social_media_FE\node_modules\@babel\parser\lib\index.js:9525:18)
      at TypeScriptParserMixin.parseStatementLike (D:\Learning\Javaaa\Learn_Backend\Spring_WebFlux\appp\social_media_FE\node_modules\@babel\parser\lib\index.js:12784:17)
      at TypeScriptParserMixin.parseStatementListItem (D:\Learning\Javaaa\Learn_Backend\Spring_WebFlux\appp\social_media_FE\node_modules\@babel\parser\lib\index.js:12764:17)
      at TypeScriptParserMixin.parseBlockOrModuleBlockBody (D:\Learning\Javaaa\Learn_Backend\Spring_WebFlux\appp\social_media_FE\node_modules\@babel\parser\lib\index.js:13333:61)
      at TypeScriptParserMixin.parseBlockBody (D:\Learning\Javaaa\Learn_Backend\Spring_WebFlux\appp\social_media_FE\node_modules\@babel\parser\lib\index.js:13326:10)
      at TypeScriptParserMixin.parseBlock (D:\Learning\Javaaa\Learn_Backend\Spring_WebFlux\appp\social_media_FE\node_modules\@babel\parser\lib\index.js:13314:10)
      at TypeScriptParserMixin.parseFunctionBody (D:\Learning\Javaaa\Learn_Backend\Spring_WebFlux\appp\social_media_FE\node_modules\@babel\parser\lib\index.js:12117:24)
      at TypeScriptParserMixin.parseFunctionBodyAndFinish (D:\Learning\Javaaa\Learn_Backend\Spring_WebFlux\appp\social_media_FE\node_modules\@babel\parser\lib\index.js:12103:10)
      at TypeScriptParserMixin.parseFunctionBodyAndFinish (D:\Learning\Javaaa\Learn_Backend\Spring_WebFlux\appp\social_media_FE\node_modules\@babel\parser\lib\index.js:9189:18)
      at D:\Learning\Javaaa\Learn_Backend\Spring_WebFlux\appp\social_media_FE\node_modules\@babel\parser\lib\index.js:13462:12
      at TypeScriptParserMixin.withSmartMixTopicForbiddingContext (D:\Learning\Javaaa\Learn_Backend\Spring_WebFlux\appp\social_media_FE\node_modules\@babel\parser\lib\index.js:12420:14)
      at TypeScriptParserMixin.parseFunction (D:\Learning\Javaaa\Learn_Backend\Spring_WebFlux\appp\social_media_FE\node_modules\@babel\parser\lib\index.js:13461:10)
      at TypeScriptParserMixin.parseFunctionStatement (D:\Learning\Javaaa\Learn_Backend\Spring_WebFlux\appp\social_media_FE\node_modules\@babel\parser\lib\index.js:13142:17)
      at TypeScriptParserMixin.parseStatementContent (D:\Learning\Javaaa\Learn_Backend\Spring_WebFlux\appp\social_media_FE\node_modules\@babel\parser\lib\index.js:12907:25)
      at TypeScriptParserMixin.parseStatementContent (D:\Learning\Javaaa\Learn_Backend\Spring_WebFlux\appp\social_media_FE\node_modules\@babel\parser\lib\index.js:9525:18)
      at TypeScriptParserMixin.parseStatementLike (D:\Learning\Javaaa\Learn_Backend\Spring_WebFlux\appp\social_media_FE\node_modules\@babel\parser\lib\index.js:12784:17)
      at TypeScriptParserMixin.parseStatementListItem (D:\Learning\Javaaa\Learn_Backend\Spring_WebFlux\appp\social_media_FE\node_modules\@babel\parser\lib\index.js:12764:17)
      at TypeScriptParserMixin.parseBlockOrModuleBlockBody (D:\Learning\Javaaa\Learn_Backend\Spring_WebFlux\appp\social_media_FE\node_modules\@babel\parser\lib\index.js:13333:61)
      at TypeScriptParserMixin.parseBlockBody (D:\Learning\Javaaa\Learn_Backend\Spring_WebFlux\appp\social_media_FE\node_modules\@babel\parser\lib\index.js:13326:10)
      at TypeScriptParserMixin.parseBlock (D:\Learning\Javaaa\Learn_Backend\Spring_WebFlux\appp\social_media_FE\node_modules\@babel\parser\lib\index.js:13314:10)
      at TypeScriptParserMixin.parseFunctionBody (D:\Learning\Javaaa\Learn_Backend\Spring_WebFlux\appp\social_media_FE\node_modules\@babel\parser\lib\index.js:12117:24)
      at TypeScriptParserMixin.parseFunctionBodyAndFinish (D:\Learning\Javaaa\Learn_Backend\Spring_WebFlux\appp\social_media_FE\node_modules\@babel\parser\lib\index.js:12103:10)
      at TypeScriptParserMixin.parseFunctionBodyAndFinish (D:\Learning\Javaaa\Learn_Backend\Spring_WebFlux\appp\social_media_FE\node_modules\@babel\parser\lib\index.js:9189:18)
      at D:\Learning\Javaaa\Learn_Backend\Spring_WebFlux\appp\social_media_FE\node_modules\@babel\parser\lib\index.js:13462:12
      at TypeScriptParserMixin.withSmartMixTopicForbiddingContext (D:\Learning\Javaaa\Learn_Backend\Spring_WebFlux\appp\social_media_FE\node_modules\@babel\parser\lib\index.js:12420:14)
      at TypeScriptParserMixin.parseFunction (D:\Learning\Javaaa\Learn_Backend\Spring_WebFlux\appp\social_media_FE\node_modules\@babel\parser\lib\index.js:13461:10)
      at TypeScriptParserMixin.parseFunctionStatement (D:\Learning\Javaaa\Learn_Backend\Spring_WebFlux\appp\social_media_FE\node_modules\@babel\parser\lib\index.js:13142:17)
      at TypeScriptParserMixin.parseStatementContent (D:\Learning\Javaaa\Learn_Backend\Spring_WebFlux\appp\social_media_FE\node_modules\@babel\parser\lib\index.js:12808:21)
      at TypeScriptParserMixin.parseStatementContent (D:\Learning\Javaaa\Learn_Backend\Spring_WebFlux\appp\social_media_FE\node_modules\@babel\parser\lib\index.js:9525:18)
      at TypeScriptParserMixin.parseStatementLike (D:\Learning\Javaaa\Learn_Backend\Spring_WebFlux\appp\social_media_FE\node_modules\@babel\parser\lib\index.js:12784:17)
      at TypeScriptParserMixin.parseStatementListItem (D:\Learning\Javaaa\Learn_Backend\Spring_WebFlux\appp\social_media_FE\node_modules\@babel\parser\lib\index.js:12764:17)
[2m01:03:25[22m [31m[1m[vite][22m[39m [31mInternal server error: D:\Learning\Javaaa\Learn_Backend\Spring_WebFlux\appp\social_media_FE\src\PostCreationStudio.tsx: Unexpected token (667:1)

[0m [90m 665 |[31m   [36mconst[31m [title[33m,[31m detail] [33m=[31m copy[status][33m;[31m
 [90m 666 |[31m   [36mreturn[31m [33m<[31m[33mdiv[31m className[33m=[31m[32m"create-status"[31m[33m>[31m[33m<[31m[33mstrong[31m[33m>[31m{title}[33m<[31m[33m/[31m[33mstrong[31m[33m>[31m[33m<[31m[33mspan[31m[33m>[31m{detail}[33m<[31m[33m/[31m[33mspan[31m[33m>[31m[33m<[31m[33m/[31m[33mdiv[31m[33m>[31m[33m;[31m
[31m[1m>[22m[31m[90m 667 |[31m }
 [90m     |[31m  [31m[1m^[22m[31m[0m[39m
  Plugin: [35mvite:react-babel[39m
  File: [36mD:/Learning/Javaaa/Learn_Backend/Spring_WebFlux/appp/social_media_FE/src/PostCreationStudio.tsx[39m:667:1
      at constructor (D:\Learning\Javaaa\Learn_Backend\Spring_WebFlux\appp\social_media_FE\node_modules\@babel\parser\lib\index.js:365:19)
      at TypeScriptParserMixin.raise (D:\Learning\Javaaa\Learn_Backend\Spring_WebFlux\appp\social_media_FE\node_modules\@babel\parser\lib\index.js:6616:19)
      at TypeScriptParserMixin.unexpected (D:\Learning\Javaaa\Learn_Backend\Spring_WebFlux\appp\social_media_FE\node_modules\@babel\parser\lib\index.js:6636:16)
      at TypeScriptParserMixin.parseExprAtom (D:\Learning\Javaaa\Learn_Backend\Spring_WebFlux\appp\social_media_FE\node_modules\@babel\parser\lib\index.js:11459:22)
      at TypeScriptParserMixin.parseExprAtom (D:\Learning\Javaaa\Learn_Backend\Spring_WebFlux\appp\social_media_FE\node_modules\@babel\parser\lib\index.js:4776:20)
      at TypeScriptParserMixin.parseExprSubscripts (D:\Learning\Javaaa\Learn_Backend\Spring_WebFlux\appp\social_media_FE\node_modules\@babel\parser\lib\index.js:11098:23)
      at TypeScriptParserMixin.parseUpdate (D:\Learning\Javaaa\Learn_Backend\Spring_WebFlux\appp\social_media_FE\node_modules\@babel\parser\lib\index.js:11083:21)
      at TypeScriptParserMixin.parseMaybeUnary (D:\Learning\Javaaa\Learn_Backend\Spring_WebFlux\appp\social_media_FE\node_modules\@babel\parser\lib\index.js:11063:23)
      at TypeScriptParserMixin.parseMaybeUnary (D:\Learning\Javaaa\Learn_Backend\Spring_WebFlux\appp\social_media_FE\node_modules\@babel\parser\lib\index.js:9854:18)
      at TypeScriptParserMixin.parseMaybeUnaryOrPrivate (D:\Learning\Javaaa\Learn_Backend\Spring_WebFlux\appp\social_media_FE\node_modules\@babel\parser\lib\index.js:10916:61)
      at TypeScriptParserMixin.parseExprOps (D:\Learning\Javaaa\Learn_Backend\Spring_WebFlux\appp\social_media_FE\node_modules\@babel\parser\lib\index.js:10921:23)
      at TypeScriptParserMixin.parseMaybeConditional (D:\Learning\Javaaa\Learn_Backend\Spring_WebFlux\appp\social_media_FE\node_modules\@babel\parser\lib\index.js:10898:23)
      at TypeScriptParserMixin.parseMaybeAssign (D:\Learning\Javaaa\Learn_Backend\Spring_WebFlux\appp\social_media_FE\node_modules\@babel\parser\lib\index.js:10848:21)
      at TypeScriptParserMixin.parseMaybeAssign (D:\Learning\Javaaa\Learn_Backend\Spring_WebFlux\appp\social_media_FE\node_modules\@babel\parser\lib\index.js:9803:20)
      at TypeScriptParserMixin.parseExpressionBase (D:\Learning\Javaaa\Learn_Backend\Spring_WebFlux\appp\social_media_FE\node_modules\@babel\parser\lib\index.js:10801:23)
      at D:\Learning\Javaaa\Learn_Backend\Spring_WebFlux\appp\social_media_FE\node_modules\@babel\parser\lib\index.js:10797:39
      at TypeScriptParserMixin.allowInAnd (D:\Learning\Javaaa\Learn_Backend\Spring_WebFlux\appp\social_media_FE\node_modules\@babel\parser\lib\index.js:12438:16)
      at TypeScriptParserMixin.parseExpression (D:\Learning\Javaaa\Learn_Backend\Spring_WebFlux\appp\social_media_FE\node_modules\@babel\parser\lib\index.js:10797:17)
      at TypeScriptParserMixin.parseStatementContent (D:\Learning\Javaaa\Learn_Backend\Spring_WebFlux\appp\social_media_FE\node_modules\@babel\parser\lib\index.js:12912:23)
      at TypeScriptParserMixin.parseStatementContent (D:\Learning\Javaaa\Learn_Backend\Spring_WebFlux\appp\social_media_FE\node_modules\@babel\parser\lib\index.js:9525:18)
      at TypeScriptParserMixin.parseStatementLike (D:\Learning\Javaaa\Learn_Backend\Spring_WebFlux\appp\social_media_FE\node_modules\@babel\parser\lib\index.js:12784:17)
      at TypeScriptParserMixin.parseStatementListItem (D:\Learning\Javaaa\Learn_Backend\Spring_WebFlux\appp\social_media_FE\node_modules\@babel\parser\lib\index.js:12764:17)
      at TypeScriptParserMixin.parseBlockOrModuleBlockBody (D:\Learning\Javaaa\Learn_Backend\Spring_WebFlux\appp\social_media_FE\node_modules\@babel\parser\lib\index.js:13333:61)
      at TypeScriptParserMixin.parseBlockBody (D:\Learning\Javaaa\Learn_Backend\Spring_WebFlux\appp\social_media_FE\node_modules\@babel\parser\lib\index.js:13326:10)
      at TypeScriptParserMixin.parseBlock (D:\Learning\Javaaa\Learn_Backend\Spring_WebFlux\appp\social_media_FE\node_modules\@babel\parser\lib\index.js:13314:10)
      at TypeScriptParserMixin.parseFunctionBody (D:\Learning\Javaaa\Learn_Backend\Spring_WebFlux\appp\social_media_FE\node_modules\@babel\parser\lib\index.js:12117:24)
      at TypeScriptParserMixin.parseFunctionBodyAndFinish (D:\Learning\Javaaa\Learn_Backend\Spring_WebFlux\appp\social_media_FE\node_modules\@babel\parser\lib\index.js:12103:10)
      at TypeScriptParserMixin.parseFunctionBodyAndFinish (D:\Learning\Javaaa\Learn_Backend\Spring_WebFlux\appp\social_media_FE\node_modules\@babel\parser\lib\index.js:9189:18)
      at D:\Learning\Javaaa\Learn_Backend\Spring_WebFlux\appp\social_media_FE\node_modules\@babel\parser\lib\index.js:13462:12
      at TypeScriptParserMixin.withSmartMixTopicForbiddingContext (D:\Learning\Javaaa\Learn_Backend\Spring_WebFlux\appp\social_media_FE\node_modules\@babel\parser\lib\index.js:12420:14)
      at TypeScriptParserMixin.parseFunction (D:\Learning\Javaaa\Learn_Backend\Spring_WebFlux\appp\social_media_FE\node_modules\@babel\parser\lib\index.js:13461:10)
      at TypeScriptParserMixin.parseFunctionStatement (D:\Learning\Javaaa\Learn_Backend\Spring_WebFlux\appp\social_media_FE\node_modules\@babel\parser\lib\index.js:13142:17)
      at TypeScriptParserMixin.parseStatementContent (D:\Learning\Javaaa\Learn_Backend\Spring_WebFlux\appp\social_media_FE\node_modules\@babel\parser\lib\index.js:12907:25)
      at TypeScriptParserMixin.parseStatementContent (D:\Learning\Javaaa\Learn_Backend\Spring_WebFlux\appp\social_media_FE\node_modules\@babel\parser\lib\index.js:9525:18)
      at TypeScriptParserMixin.parseStatementLike (D:\Learning\Javaaa\Learn_Backend\Spring_WebFlux\appp\social_media_FE\node_modules\@babel\parser\lib\index.js:12784:17)
      at TypeScriptParserMixin.parseStatementListItem (D:\Learning\Javaaa\Learn_Backend\Spring_WebFlux\appp\social_media_FE\node_modules\@babel\parser\lib\index.js:12764:17)
      at TypeScriptParserMixin.parseBlockOrModuleBlockBody (D:\Learning\Javaaa\Learn_Backend\Spring_WebFlux\appp\social_media_FE\node_modules\@babel\parser\lib\index.js:13333:61)
      at TypeScriptParserMixin.parseBlockBody (D:\Learning\Javaaa\Learn_Backend\Spring_WebFlux\appp\social_media_FE\node_modules\@babel\parser\lib\index.js:13326:10)
      at TypeScriptParserMixin.parseBlock (D:\Learning\Javaaa\Learn_Backend\Spring_WebFlux\appp\social_media_FE\node_modules\@babel\parser\lib\index.js:13314:10)
      at TypeScriptParserMixin.parseFunctionBody (D:\Learning\Javaaa\Learn_Backend\Spring_WebFlux\appp\social_media_FE\node_modules\@babel\parser\lib\index.js:12117:24)
      at TypeScriptParserMixin.parseFunctionBodyAndFinish (D:\Learning\Javaaa\Learn_Backend\Spring_WebFlux\appp\social_media_FE\node_modules\@babel\parser\lib\index.js:12103:10)
      at TypeScriptParserMixin.parseFunctionBodyAndFinish (D:\Learning\Javaaa\Learn_Backend\Spring_WebFlux\appp\social_media_FE\node_modules\@babel\parser\lib\index.js:9189:18)
      at D:\Learning\Javaaa\Learn_Backend\Spring_WebFlux\appp\social_media_FE\node_modules\@babel\parser\lib\index.js:13462:12
      at TypeScriptParserMixin.withSmartMixTopicForbiddingContext (D:\Learning\Javaaa\Learn_Backend\Spring_WebFlux\appp\social_media_FE\node_modules\@babel\parser\lib\index.js:12420:14)
      at TypeScriptParserMixin.parseFunction (D:\Learning\Javaaa\Learn_Backend\Spring_WebFlux\appp\social_media_FE\node_modules\@babel\parser\lib\index.js:13461:10)
      at TypeScriptParserMixin.parseFunctionStatement (D:\Learning\Javaaa\Learn_Backend\Spring_WebFlux\appp\social_media_FE\node_modules\@babel\parser\lib\index.js:13142:17)
      at TypeScriptParserMixin.parseStatementContent (D:\Learning\Javaaa\Learn_Backend\Spring_WebFlux\appp\social_media_FE\node_modules\@babel\parser\lib\index.js:12808:21)
      at TypeScriptParserMixin.parseStatementContent (D:\Learning\Javaaa\Learn_Backend\Spring_WebFlux\appp\social_media_FE\node_modules\@babel\parser\lib\index.js:9525:18)
      at TypeScriptParserMixin.parseStatementLike (D:\Learning\Javaaa\Learn_Backend\Spring_WebFlux\appp\social_media_FE\node_modules\@babel\parser\lib\index.js:12784:17)
      at TypeScriptParserMixin.parseStatementListItem (D:\Learning\Javaaa\Learn_Backend\Spring_WebFlux\appp\social_media_FE\node_modules\@babel\parser\lib\index.js:12764:17)
[2m01:03:52[22m [31m[1m[vite][22m[39m [31mInternal server error: D:\Learning\Javaaa\Learn_Backend\Spring_WebFlux\appp\social_media_FE\src\PostCreationStudio.tsx: Unexpected token (667:1)

[0m [90m 665 |[31m   [36mconst[31m [title[33m,[31m detail] [33m=[31m copy[status][33m;[31m
 [90m 666 |[31m   [36mreturn[31m [33m<[31m[33mdiv[31m className[33m=[31m[32m"create-status"[31m[33m>[31m[33m<[31m[33mstrong[31m[33m>[31m{title}[33m<[31m[33m/[31m[33mstrong[31m[33m>[31m[33m<[31m[33mspan[31m[33m>[31m{detail}[33m<[31m[33m/[31m[33mspan[31m[33m>[31m[33m<[31m[33m/[31m[33mdiv[31m[33m>[31m[33m;[31m
[31m[1m>[22m[31m[90m 667 |[31m }
 [90m     |[31m  [31m[1m^[22m[31m[0m[39m
  Plugin: [35mvite:react-babel[39m
  File: [36mD:/Learning/Javaaa/Learn_Backend/Spring_WebFlux/appp/social_media_FE/src/PostCreationStudio.tsx[39m:667:1
      at constructor (D:\Learning\Javaaa\Learn_Backend\Spring_WebFlux\appp\social_media_FE\node_modules\@babel\parser\lib\index.js:365:19)
      at TypeScriptParserMixin.raise (D:\Learning\Javaaa\Learn_Backend\Spring_WebFlux\appp\social_media_FE\node_modules\@babel\parser\lib\index.js:6616:19)
      at TypeScriptParserMixin.unexpected (D:\Learning\Javaaa\Learn_Backend\Spring_WebFlux\appp\social_media_FE\node_modules\@babel\parser\lib\index.js:6636:16)
      at TypeScriptParserMixin.parseExprAtom (D:\Learning\Javaaa\Learn_Backend\Spring_WebFlux\appp\social_media_FE\node_modules\@babel\parser\lib\index.js:11459:22)
      at TypeScriptParserMixin.parseExprAtom (D:\Learning\Javaaa\Learn_Backend\Spring_WebFlux\appp\social_media_FE\node_modules\@babel\parser\lib\index.js:4776:20)
      at TypeScriptParserMixin.parseExprSubscripts (D:\Learning\Javaaa\Learn_Backend\Spring_WebFlux\appp\social_media_FE\node_modules\@babel\parser\lib\index.js:11098:23)
      at TypeScriptParserMixin.parseUpdate (D:\Learning\Javaaa\Learn_Backend\Spring_WebFlux\appp\social_media_FE\node_modules\@babel\parser\lib\index.js:11083:21)
      at TypeScriptParserMixin.parseMaybeUnary (D:\Learning\Javaaa\Learn_Backend\Spring_WebFlux\appp\social_media_FE\node_modules\@babel\parser\lib\index.js:11063:23)
      at TypeScriptParserMixin.parseMaybeUnary (D:\Learning\Javaaa\Learn_Backend\Spring_WebFlux\appp\social_media_FE\node_modules\@babel\parser\lib\index.js:9854:18)
      at TypeScriptParserMixin.parseMaybeUnaryOrPrivate (D:\Learning\Javaaa\Learn_Backend\Spring_WebFlux\appp\social_media_FE\node_modules\@babel\parser\lib\index.js:10916:61)
      at TypeScriptParserMixin.parseExprOps (D:\Learning\Javaaa\Learn_Backend\Spring_WebFlux\appp\social_media_FE\node_modules\@babel\parser\lib\index.js:10921:23)
      at TypeScriptParserMixin.parseMaybeConditional (D:\Learning\Javaaa\Learn_Backend\Spring_WebFlux\appp\social_media_FE\node_modules\@babel\parser\lib\index.js:10898:23)
      at TypeScriptParserMixin.parseMaybeAssign (D:\Learning\Javaaa\Learn_Backend\Spring_WebFlux\appp\social_media_FE\node_modules\@babel\parser\lib\index.js:10848:21)
      at TypeScriptParserMixin.parseMaybeAssign (D:\Learning\Javaaa\Learn_Backend\Spring_WebFlux\appp\social_media_FE\node_modules\@babel\parser\lib\index.js:9803:20)
      at TypeScriptParserMixin.parseExpressionBase (D:\Learning\Javaaa\Learn_Backend\Spring_WebFlux\appp\social_media_FE\node_modules\@babel\parser\lib\index.js:10801:23)
      at D:\Learning\Javaaa\Learn_Backend\Spring_WebFlux\appp\social_media_FE\node_modules\@babel\parser\lib\index.js:10797:39
      at TypeScriptParserMixin.allowInAnd (D:\Learning\Javaaa\Learn_Backend\Spring_WebFlux\appp\social_media_FE\node_modules\@babel\parser\lib\index.js:12438:16)
      at TypeScriptParserMixin.parseExpression (D:\Learning\Javaaa\Learn_Backend\Spring_WebFlux\appp\social_media_FE\node_modules\@babel\parser\lib\index.js:10797:17)
      at TypeScriptParserMixin.parseStatementContent (D:\Learning\Javaaa\Learn_Backend\Spring_WebFlux\appp\social_media_FE\node_modules\@babel\parser\lib\index.js:12912:23)
      at TypeScriptParserMixin.parseStatementContent (D:\Learning\Javaaa\Learn_Backend\Spring_WebFlux\appp\social_media_FE\node_modules\@babel\parser\lib\index.js:9525:18)
      at TypeScriptParserMixin.parseStatementLike (D:\Learning\Javaaa\Learn_Backend\Spring_WebFlux\appp\social_media_FE\node_modules\@babel\parser\lib\index.js:12784:17)
      at TypeScriptParserMixin.parseStatementListItem (D:\Learning\Javaaa\Learn_Backend\Spring_WebFlux\appp\social_media_FE\node_modules\@babel\parser\lib\index.js:12764:17)
      at TypeScriptParserMixin.parseBlockOrModuleBlockBody (D:\Learning\Javaaa\Learn_Backend\Spring_WebFlux\appp\social_media_FE\node_modules\@babel\parser\lib\index.js:13333:61)
      at TypeScriptParserMixin.parseBlockBody (D:\Learning\Javaaa\Learn_Backend\Spring_WebFlux\appp\social_media_FE\node_modules\@babel\parser\lib\index.js:13326:10)
      at TypeScriptParserMixin.parseBlock (D:\Learning\Javaaa\Learn_Backend\Spring_WebFlux\appp\social_media_FE\node_modules\@babel\parser\lib\index.js:13314:10)
      at TypeScriptParserMixin.parseFunctionBody (D:\Learning\Javaaa\Learn_Backend\Spring_WebFlux\appp\social_media_FE\node_modules\@babel\parser\lib\index.js:12117:24)
      at TypeScriptParserMixin.parseFunctionBodyAndFinish (D:\Learning\Javaaa\Learn_Backend\Spring_WebFlux\appp\social_media_FE\node_modules\@babel\parser\lib\index.js:12103:10)
      at TypeScriptParserMixin.parseFunctionBodyAndFinish (D:\Learning\Javaaa\Learn_Backend\Spring_WebFlux\appp\social_media_FE\node_modules\@babel\parser\lib\index.js:9189:18)
      at D:\Learning\Javaaa\Learn_Backend\Spring_WebFlux\appp\social_media_FE\node_modules\@babel\parser\lib\index.js:13462:12
      at TypeScriptParserMixin.withSmartMixTopicForbiddingContext (D:\Learning\Javaaa\Learn_Backend\Spring_WebFlux\appp\social_media_FE\node_modules\@babel\parser\lib\index.js:12420:14)
      at TypeScriptParserMixin.parseFunction (D:\Learning\Javaaa\Learn_Backend\Spring_WebFlux\appp\social_media_FE\node_modules\@babel\parser\lib\index.js:13461:10)
      at TypeScriptParserMixin.parseFunctionStatement (D:\Learning\Javaaa\Learn_Backend\Spring_WebFlux\appp\social_media_FE\node_modules\@babel\parser\lib\index.js:13142:17)
      at TypeScriptParserMixin.parseStatementContent (D:\Learning\Javaaa\Learn_Backend\Spring_WebFlux\appp\social_media_FE\node_modules\@babel\parser\lib\index.js:12907:25)
      at TypeScriptParserMixin.parseStatementContent (D:\Learning\Javaaa\Learn_Backend\Spring_WebFlux\appp\social_media_FE\node_modules\@babel\parser\lib\index.js:9525:18)
      at TypeScriptParserMixin.parseStatementLike (D:\Learning\Javaaa\Learn_Backend\Spring_WebFlux\appp\social_media_FE\node_modules\@babel\parser\lib\index.js:12784:17)
      at TypeScriptParserMixin.parseStatementListItem (D:\Learning\Javaaa\Learn_Backend\Spring_WebFlux\appp\social_media_FE\node_modules\@babel\parser\lib\index.js:12764:17)
      at TypeScriptParserMixin.parseBlockOrModuleBlockBody (D:\Learning\Javaaa\Learn_Backend\Spring_WebFlux\appp\social_media_FE\node_modules\@babel\parser\lib\index.js:13333:61)
      at TypeScriptParserMixin.parseBlockBody (D:\Learning\Javaaa\Learn_Backend\Spring_WebFlux\appp\social_media_FE\node_modules\@babel\parser\lib\index.js:13326:10)
      at TypeScriptParserMixin.parseBlock (D:\Learning\Javaaa\Learn_Backend\Spring_WebFlux\appp\social_media_FE\node_modules\@babel\parser\lib\index.js:13314:10)
      at TypeScriptParserMixin.parseFunctionBody (D:\Learning\Javaaa\Learn_Backend\Spring_WebFlux\appp\social_media_FE\node_modules\@babel\parser\lib\index.js:12117:24)
      at TypeScriptParserMixin.parseFunctionBodyAndFinish (D:\Learning\Javaaa\Learn_Backend\Spring_WebFlux\appp\social_media_FE\node_modules\@babel\parser\lib\index.js:12103:10)
      at TypeScriptParserMixin.parseFunctionBodyAndFinish (D:\Learning\Javaaa\Learn_Backend\Spring_WebFlux\appp\social_media_FE\node_modules\@babel\parser\lib\index.js:9189:18)
      at D:\Learning\Javaaa\Learn_Backend\Spring_WebFlux\appp\social_media_FE\node_modules\@babel\parser\lib\index.js:13462:12
      at TypeScriptParserMixin.withSmartMixTopicForbiddingContext (D:\Learning\Javaaa\Learn_Backend\Spring_WebFlux\appp\social_media_FE\node_modules\@babel\parser\lib\index.js:12420:14)
      at TypeScriptParserMixin.parseFunction (D:\Learning\Javaaa\Learn_Backend\Spring_WebFlux\appp\social_media_FE\node_modules\@babel\parser\lib\index.js:13461:10)
      at TypeScriptParserMixin.parseFunctionStatement (D:\Learning\Javaaa\Learn_Backend\Spring_WebFlux\appp\social_media_FE\node_modules\@babel\parser\lib\index.js:13142:17)
      at TypeScriptParserMixin.parseStatementContent (D:\Learning\Javaaa\Learn_Backend\Spring_WebFlux\appp\social_media_FE\node_modules\@babel\parser\lib\index.js:12808:21)
      at TypeScriptParserMixin.parseStatementContent (D:\Learning\Javaaa\Learn_Backend\Spring_WebFlux\appp\social_media_FE\node_modules\@babel\parser\lib\index.js:9525:18)
      at TypeScriptParserMixin.parseStatementLike (D:\Learning\Javaaa\Learn_Backend\Spring_WebFlux\appp\social_media_FE\node_modules\@babel\parser\lib\index.js:12784:17)
      at TypeScriptParserMixin.parseStatementListItem (D:\Learning\Javaaa\Learn_Backend\Spring_WebFlux\appp\social_media_FE\node_modules\@babel\parser\lib\index.js:12764:17)
[2m01:03:52[22m [31m[1m[vite][22m[39m [31mInternal server error: D:\Learning\Javaaa\Learn_Backend\Spring_WebFlux\appp\social_media_FE\src\PostCreationStudio.tsx: Unexpected token (667:1)

[0m [90m 665 |[31m   [36mconst[31m [title[33m,[31m detail] [33m=[31m copy[status][33m;[31m
 [90m 666 |[31m   [36mreturn[31m [33m<[31m[33mdiv[31m className[33m=[31m[32m"create-status"[31m[33m>[31m[33m<[31m[33mstrong[31m[33m>[31m{title}[33m<[31m[33m/[31m[33mstrong[31m[33m>[31m[33m<[31m[33mspan[31m[33m>[31m{detail}[33m<[31m[33m/[31m[33mspan[31m[33m>[31m[33m<[31m[33m/[31m[33mdiv[31m[33m>[31m[33m;[31m
[31m[1m>[22m[31m[90m 667 |[31m }
 [90m     |[31m  [31m[1m^[22m[31m[0m[39m
  Plugin: [35mvite:react-babel[39m
  File: [36mD:/Learning/Javaaa/Learn_Backend/Spring_WebFlux/appp/social_media_FE/src/PostCreationStudio.tsx[39m:667:1
      at constructor (D:\Learning\Javaaa\Learn_Backend\Spring_WebFlux\appp\social_media_FE\node_modules\@babel\parser\lib\index.js:365:19)
      at TypeScriptParserMixin.raise (D:\Learning\Javaaa\Learn_Backend\Spring_WebFlux\appp\social_media_FE\node_modules\@babel\parser\lib\index.js:6616:19)
      at TypeScriptParserMixin.unexpected (D:\Learning\Javaaa\Learn_Backend\Spring_WebFlux\appp\social_media_FE\node_modules\@babel\parser\lib\index.js:6636:16)
      at TypeScriptParserMixin.parseExprAtom (D:\Learning\Javaaa\Learn_Backend\Spring_WebFlux\appp\social_media_FE\node_modules\@babel\parser\lib\index.js:11459:22)
      at TypeScriptParserMixin.parseExprAtom (D:\Learning\Javaaa\Learn_Backend\Spring_WebFlux\appp\social_media_FE\node_modules\@babel\parser\lib\index.js:4776:20)
      at TypeScriptParserMixin.parseExprSubscripts (D:\Learning\Javaaa\Learn_Backend\Spring_WebFlux\appp\social_media_FE\node_modules\@babel\parser\lib\index.js:11098:23)
      at TypeScriptParserMixin.parseUpdate (D:\Learning\Javaaa\Learn_Backend\Spring_WebFlux\appp\social_media_FE\node_modules\@babel\parser\lib\index.js:11083:21)
      at TypeScriptParserMixin.parseMaybeUnary (D:\Learning\Javaaa\Learn_Backend\Spring_WebFlux\appp\social_media_FE\node_modules\@babel\parser\lib\index.js:11063:23)
      at TypeScriptParserMixin.parseMaybeUnary (D:\Learning\Javaaa\Learn_Backend\Spring_WebFlux\appp\social_media_FE\node_modules\@babel\parser\lib\index.js:9854:18)
      at TypeScriptParserMixin.parseMaybeUnaryOrPrivate (D:\Learning\Javaaa\Learn_Backend\Spring_WebFlux\appp\social_media_FE\node_modules\@babel\parser\lib\index.js:10916:61)
      at TypeScriptParserMixin.parseExprOps (D:\Learning\Javaaa\Learn_Backend\Spring_WebFlux\appp\social_media_FE\node_modules\@babel\parser\lib\index.js:10921:23)
      at TypeScriptParserMixin.parseMaybeConditional (D:\Learning\Javaaa\Learn_Backend\Spring_WebFlux\appp\social_media_FE\node_modules\@babel\parser\lib\index.js:10898:23)
      at TypeScriptParserMixin.parseMaybeAssign (D:\Learning\Javaaa\Learn_Backend\Spring_WebFlux\appp\social_media_FE\node_modules\@babel\parser\lib\index.js:10848:21)
      at TypeScriptParserMixin.parseMaybeAssign (D:\Learning\Javaaa\Learn_Backend\Spring_WebFlux\appp\social_media_FE\node_modules\@babel\parser\lib\index.js:9803:20)
      at TypeScriptParserMixin.parseExpressionBase (D:\Learning\Javaaa\Learn_Backend\Spring_WebFlux\appp\social_media_FE\node_modules\@babel\parser\lib\index.js:10801:23)
      at D:\Learning\Javaaa\Learn_Backend\Spring_WebFlux\appp\social_media_FE\node_modules\@babel\parser\lib\index.js:10797:39
      at TypeScriptParserMixin.allowInAnd (D:\Learning\Javaaa\Learn_Backend\Spring_WebFlux\appp\social_media_FE\node_modules\@babel\parser\lib\index.js:12438:16)
      at TypeScriptParserMixin.parseExpression (D:\Learning\Javaaa\Learn_Backend\Spring_WebFlux\appp\social_media_FE\node_modules\@babel\parser\lib\index.js:10797:17)
      at TypeScriptParserMixin.parseStatementContent (D:\Learning\Javaaa\Learn_Backend\Spring_WebFlux\appp\social_media_FE\node_modules\@babel\parser\lib\index.js:12912:23)
      at TypeScriptParserMixin.parseStatementContent (D:\Learning\Javaaa\Learn_Backend\Spring_WebFlux\appp\social_media_FE\node_modules\@babel\parser\lib\index.js:9525:18)
      at TypeScriptParserMixin.parseStatementLike (D:\Learning\Javaaa\Learn_Backend\Spring_WebFlux\appp\social_media_FE\node_modules\@babel\parser\lib\index.js:12784:17)
      at TypeScriptParserMixin.parseStatementListItem (D:\Learning\Javaaa\Learn_Backend\Spring_WebFlux\appp\social_media_FE\node_modules\@babel\parser\lib\index.js:12764:17)
      at TypeScriptParserMixin.parseBlockOrModuleBlockBody (D:\Learning\Javaaa\Learn_Backend\Spring_WebFlux\appp\social_media_FE\node_modules\@babel\parser\lib\index.js:13333:61)
      at TypeScriptParserMixin.parseBlockBody (D:\Learning\Javaaa\Learn_Backend\Spring_WebFlux\appp\social_media_FE\node_modules\@babel\parser\lib\index.js:13326:10)
      at TypeScriptParserMixin.parseBlock (D:\Learning\Javaaa\Learn_Backend\Spring_WebFlux\appp\social_media_FE\node_modules\@babel\parser\lib\index.js:13314:10)
      at TypeScriptParserMixin.parseFunctionBody (D:\Learning\Javaaa\Learn_Backend\Spring_WebFlux\appp\social_media_FE\node_modules\@babel\parser\lib\index.js:12117:24)
      at TypeScriptParserMixin.parseFunctionBodyAndFinish (D:\Learning\Javaaa\Learn_Backend\Spring_WebFlux\appp\social_media_FE\node_modules\@babel\parser\lib\index.js:12103:10)
      at TypeScriptParserMixin.parseFunctionBodyAndFinish (D:\Learning\Javaaa\Learn_Backend\Spring_WebFlux\appp\social_media_FE\node_modules\@babel\parser\lib\index.js:9189:18)
      at D:\Learning\Javaaa\Learn_Backend\Spring_WebFlux\appp\social_media_FE\node_modules\@babel\parser\lib\index.js:13462:12
      at TypeScriptParserMixin.withSmartMixTopicForbiddingContext (D:\Learning\Javaaa\Learn_Backend\Spring_WebFlux\appp\social_media_FE\node_modules\@babel\parser\lib\index.js:12420:14)
      at TypeScriptParserMixin.parseFunction (D:\Learning\Javaaa\Learn_Backend\Spring_WebFlux\appp\social_media_FE\node_modules\@babel\parser\lib\index.js:13461:10)
      at TypeScriptParserMixin.parseFunctionStatement (D:\Learning\Javaaa\Learn_Backend\Spring_WebFlux\appp\social_media_FE\node_modules\@babel\parser\lib\index.js:13142:17)
      at TypeScriptParserMixin.parseStatementContent (D:\Learning\Javaaa\Learn_Backend\Spring_WebFlux\appp\social_media_FE\node_modules\@babel\parser\lib\index.js:12907:25)
      at TypeScriptParserMixin.parseStatementContent (D:\Learning\Javaaa\Learn_Backend\Spring_WebFlux\appp\social_media_FE\node_modules\@babel\parser\lib\index.js:9525:18)
      at TypeScriptParserMixin.parseStatementLike (D:\Learning\Javaaa\Learn_Backend\Spring_WebFlux\appp\social_media_FE\node_modules\@babel\parser\lib\index.js:12784:17)
      at TypeScriptParserMixin.parseStatementListItem (D:\Learning\Javaaa\Learn_Backend\Spring_WebFlux\appp\social_media_FE\node_modules\@babel\parser\lib\index.js:12764:17)
      at TypeScriptParserMixin.parseBlockOrModuleBlockBody (D:\Learning\Javaaa\Learn_Backend\Spring_WebFlux\appp\social_media_FE\node_modules\@babel\parser\lib\index.js:13333:61)
      at TypeScriptParserMixin.parseBlockBody (D:\Learning\Javaaa\Learn_Backend\Spring_WebFlux\appp\social_media_FE\node_modules\@babel\parser\lib\index.js:13326:10)
      at TypeScriptParserMixin.parseBlock (D:\Learning\Javaaa\Learn_Backend\Spring_WebFlux\appp\social_media_FE\node_modules\@babel\parser\lib\index.js:13314:10)
      at TypeScriptParserMixin.parseFunctionBody (D:\Learning\Javaaa\Learn_Backend\Spring_WebFlux\appp\social_media_FE\node_modules\@babel\parser\lib\index.js:12117:24)
      at TypeScriptParserMixin.parseFunctionBodyAndFinish (D:\Learning\Javaaa\Learn_Backend\Spring_WebFlux\appp\social_media_FE\node_modules\@babel\parser\lib\index.js:12103:10)
      at TypeScriptParserMixin.parseFunctionBodyAndFinish (D:\Learning\Javaaa\Learn_Backend\Spring_WebFlux\appp\social_media_FE\node_modules\@babel\parser\lib\index.js:9189:18)
      at D:\Learning\Javaaa\Learn_Backend\Spring_WebFlux\appp\social_media_FE\node_modules\@babel\parser\lib\index.js:13462:12
      at TypeScriptParserMixin.withSmartMixTopicForbiddingContext (D:\Learning\Javaaa\Learn_Backend\Spring_WebFlux\appp\social_media_FE\node_modules\@babel\parser\lib\index.js:12420:14)
      at TypeScriptParserMixin.parseFunction (D:\Learning\Javaaa\Learn_Backend\Spring_WebFlux\appp\social_media_FE\node_modules\@babel\parser\lib\index.js:13461:10)
      at TypeScriptParserMixin.parseFunctionStatement (D:\Learning\Javaaa\Learn_Backend\Spring_WebFlux\appp\social_media_FE\node_modules\@babel\parser\lib\index.js:13142:17)
      at TypeScriptParserMixin.parseStatementContent (D:\Learning\Javaaa\Learn_Backend\Spring_WebFlux\appp\social_media_FE\node_modules\@babel\parser\lib\index.js:12808:21)
      at TypeScriptParserMixin.parseStatementContent (D:\Learning\Javaaa\Learn_Backend\Spring_WebFlux\appp\social_media_FE\node_modules\@babel\parser\lib\index.js:9525:18)
      at TypeScriptParserMixin.parseStatementLike (D:\Learning\Javaaa\Learn_Backend\Spring_WebFlux\appp\social_media_FE\node_modules\@babel\parser\lib\index.js:12784:17)
      at TypeScriptParserMixin.parseStatementListItem (D:\Learning\Javaaa\Learn_Backend\Spring_WebFlux\appp\social_media_FE\node_modules\@babel\parser\lib\index.js:12764:17)
[2m01:03:52[22m [31m[1m[vite][22m[39m [31mInternal server error: D:\Learning\Javaaa\Learn_Backend\Spring_WebFlux\appp\social_media_FE\src\PostCreationStudio.tsx: Unexpected token (667:1)

[0m [90m 665 |[31m   [36mconst[31m [title[33m,[31m detail] [33m=[31m copy[status][33m;[31m
 [90m 666 |[31m   [36mreturn[31m [33m<[31m[33mdiv[31m className[33m=[31m[32m"create-status"[31m[33m>[31m[33m<[31m[33mstrong[31m[33m>[31m{title}[33m<[31m[33m/[31m[33mstrong[31m[33m>[31m[33m<[31m[33mspan[31m[33m>[31m{detail}[33m<[31m[33m/[31m[33mspan[31m[33m>[31m[33m<[31m[33m/[31m[33mdiv[31m[33m>[31m[33m;[31m
[31m[1m>[22m[31m[90m 667 |[31m }
 [90m     |[31m  [31m[1m^[22m[31m[0m[39m
  Plugin: [35mvite:react-babel[39m
  File: [36mD:/Learning/Javaaa/Learn_Backend/Spring_WebFlux/appp/social_media_FE/src/PostCreationStudio.tsx[39m:667:1
      at constructor (D:\Learning\Javaaa\Learn_Backend\Spring_WebFlux\appp\social_media_FE\node_modules\@babel\parser\lib\index.js:365:19)
      at TypeScriptParserMixin.raise (D:\Learning\Javaaa\Learn_Backend\Spring_WebFlux\appp\social_media_FE\node_modules\@babel\parser\lib\index.js:6616:19)
      at TypeScriptParserMixin.unexpected (D:\Learning\Javaaa\Learn_Backend\Spring_WebFlux\appp\social_media_FE\node_modules\@babel\parser\lib\index.js:6636:16)
      at TypeScriptParserMixin.parseExprAtom (D:\Learning\Javaaa\Learn_Backend\Spring_WebFlux\appp\social_media_FE\node_modules\@babel\parser\lib\index.js:11459:22)
      at TypeScriptParserMixin.parseExprAtom (D:\Learning\Javaaa\Learn_Backend\Spring_WebFlux\appp\social_media_FE\node_modules\@babel\parser\lib\index.js:4776:20)
      at TypeScriptParserMixin.parseExprSubscripts (D:\Learning\Javaaa\Learn_Backend\Spring_WebFlux\appp\social_media_FE\node_modules\@babel\parser\lib\index.js:11098:23)
      at TypeScriptParserMixin.parseUpdate (D:\Learning\Javaaa\Learn_Backend\Spring_WebFlux\appp\social_media_FE\node_modules\@babel\parser\lib\index.js:11083:21)
      at TypeScriptParserMixin.parseMaybeUnary (D:\Learning\Javaaa\Learn_Backend\Spring_WebFlux\appp\social_media_FE\node_modules\@babel\parser\lib\index.js:11063:23)
      at TypeScriptParserMixin.parseMaybeUnary (D:\Learning\Javaaa\Learn_Backend\Spring_WebFlux\appp\social_media_FE\node_modules\@babel\parser\lib\index.js:9854:18)
      at TypeScriptParserMixin.parseMaybeUnaryOrPrivate (D:\Learning\Javaaa\Learn_Backend\Spring_WebFlux\appp\social_media_FE\node_modules\@babel\parser\lib\index.js:10916:61)
      at TypeScriptParserMixin.parseExprOps (D:\Learning\Javaaa\Learn_Backend\Spring_WebFlux\appp\social_media_FE\node_modules\@babel\parser\lib\index.js:10921:23)
      at TypeScriptParserMixin.parseMaybeConditional (D:\Learning\Javaaa\Learn_Backend\Spring_WebFlux\appp\social_media_FE\node_modules\@babel\parser\lib\index.js:10898:23)
      at TypeScriptParserMixin.parseMaybeAssign (D:\Learning\Javaaa\Learn_Backend\Spring_WebFlux\appp\social_media_FE\node_modules\@babel\parser\lib\index.js:10848:21)
      at TypeScriptParserMixin.parseMaybeAssign (D:\Learning\Javaaa\Learn_Backend\Spring_WebFlux\appp\social_media_FE\node_modules\@babel\parser\lib\index.js:9803:20)
      at TypeScriptParserMixin.parseExpressionBase (D:\Learning\Javaaa\Learn_Backend\Spring_WebFlux\appp\social_media_FE\node_modules\@babel\parser\lib\index.js:10801:23)
      at D:\Learning\Javaaa\Learn_Backend\Spring_WebFlux\appp\social_media_FE\node_modules\@babel\parser\lib\index.js:10797:39
      at TypeScriptParserMixin.allowInAnd (D:\Learning\Javaaa\Learn_Backend\Spring_WebFlux\appp\social_media_FE\node_modules\@babel\parser\lib\index.js:12438:16)
      at TypeScriptParserMixin.parseExpression (D:\Learning\Javaaa\Learn_Backend\Spring_WebFlux\appp\social_media_FE\node_modules\@babel\parser\lib\index.js:10797:17)
      at TypeScriptParserMixin.parseStatementContent (D:\Learning\Javaaa\Learn_Backend\Spring_WebFlux\appp\social_media_FE\node_modules\@babel\parser\lib\index.js:12912:23)
      at TypeScriptParserMixin.parseStatementContent (D:\Learning\Javaaa\Learn_Backend\Spring_WebFlux\appp\social_media_FE\node_modules\@babel\parser\lib\index.js:9525:18)
      at TypeScriptParserMixin.parseStatementLike (D:\Learning\Javaaa\Learn_Backend\Spring_WebFlux\appp\social_media_FE\node_modules\@babel\parser\lib\index.js:12784:17)
      at TypeScriptParserMixin.parseStatementListItem (D:\Learning\Javaaa\Learn_Backend\Spring_WebFlux\appp\social_media_FE\node_modules\@babel\parser\lib\index.js:12764:17)
      at TypeScriptParserMixin.parseBlockOrModuleBlockBody (D:\Learning\Javaaa\Learn_Backend\Spring_WebFlux\appp\social_media_FE\node_modules\@babel\parser\lib\index.js:13333:61)
      at TypeScriptParserMixin.parseBlockBody (D:\Learning\Javaaa\Learn_Backend\Spring_WebFlux\appp\social_media_FE\node_modules\@babel\parser\lib\index.js:13326:10)
      at TypeScriptParserMixin.parseBlock (D:\Learning\Javaaa\Learn_Backend\Spring_WebFlux\appp\social_media_FE\node_modules\@babel\parser\lib\index.js:13314:10)
      at TypeScriptParserMixin.parseFunctionBody (D:\Learning\Javaaa\Learn_Backend\Spring_WebFlux\appp\social_media_FE\node_modules\@babel\parser\lib\index.js:12117:24)
      at TypeScriptParserMixin.parseFunctionBodyAndFinish (D:\Learning\Javaaa\Learn_Backend\Spring_WebFlux\appp\social_media_FE\node_modules\@babel\parser\lib\index.js:12103:10)
      at TypeScriptParserMixin.parseFunctionBodyAndFinish (D:\Learning\Javaaa\Learn_Backend\Spring_WebFlux\appp\social_media_FE\node_modules\@babel\parser\lib\index.js:9189:18)
      at D:\Learning\Javaaa\Learn_Backend\Spring_WebFlux\appp\social_media_FE\node_modules\@babel\parser\lib\index.js:13462:12
      at TypeScriptParserMixin.withSmartMixTopicForbiddingContext (D:\Learning\Javaaa\Learn_Backend\Spring_WebFlux\appp\social_media_FE\node_modules\@babel\parser\lib\index.js:12420:14)
      at TypeScriptParserMixin.parseFunction (D:\Learning\Javaaa\Learn_Backend\Spring_WebFlux\appp\social_media_FE\node_modules\@babel\parser\lib\index.js:13461:10)
      at TypeScriptParserMixin.parseFunctionStatement (D:\Learning\Javaaa\Learn_Backend\Spring_WebFlux\appp\social_media_FE\node_modules\@babel\parser\lib\index.js:13142:17)
      at TypeScriptParserMixin.parseStatementContent (D:\Learning\Javaaa\Learn_Backend\Spring_WebFlux\appp\social_media_FE\node_modules\@babel\parser\lib\index.js:12907:25)
      at TypeScriptParserMixin.parseStatementContent (D:\Learning\Javaaa\Learn_Backend\Spring_WebFlux\appp\social_media_FE\node_modules\@babel\parser\lib\index.js:9525:18)
      at TypeScriptParserMixin.parseStatementLike (D:\Learning\Javaaa\Learn_Backend\Spring_WebFlux\appp\social_media_FE\node_modules\@babel\parser\lib\index.js:12784:17)
      at TypeScriptParserMixin.parseStatementListItem (D:\Learning\Javaaa\Learn_Backend\Spring_WebFlux\appp\social_media_FE\node_modules\@babel\parser\lib\index.js:12764:17)
      at TypeScriptParserMixin.parseBlockOrModuleBlockBody (D:\Learning\Javaaa\Learn_Backend\Spring_WebFlux\appp\social_media_FE\node_modules\@babel\parser\lib\index.js:13333:61)
      at TypeScriptParserMixin.parseBlockBody (D:\Learning\Javaaa\Learn_Backend\Spring_WebFlux\appp\social_media_FE\node_modules\@babel\parser\lib\index.js:13326:10)
      at TypeScriptParserMixin.parseBlock (D:\Learning\Javaaa\Learn_Backend\Spring_WebFlux\appp\social_media_FE\node_modules\@babel\parser\lib\index.js:13314:10)
      at TypeScriptParserMixin.parseFunctionBody (D:\Learning\Javaaa\Learn_Backend\Spring_WebFlux\appp\social_media_FE\node_modules\@babel\parser\lib\index.js:12117:24)
      at TypeScriptParserMixin.parseFunctionBodyAndFinish (D:\Learning\Javaaa\Learn_Backend\Spring_WebFlux\appp\social_media_FE\node_modules\@babel\parser\lib\index.js:12103:10)
      at TypeScriptParserMixin.parseFunctionBodyAndFinish (D:\Learning\Javaaa\Learn_Backend\Spring_WebFlux\appp\social_media_FE\node_modules\@babel\parser\lib\index.js:9189:18)
      at D:\Learning\Javaaa\Learn_Backend\Spring_WebFlux\appp\social_media_FE\node_modules\@babel\parser\lib\index.js:13462:12
      at TypeScriptParserMixin.withSmartMixTopicForbiddingContext (D:\Learning\Javaaa\Learn_Backend\Spring_WebFlux\appp\social_media_FE\node_modules\@babel\parser\lib\index.js:12420:14)
      at TypeScriptParserMixin.parseFunction (D:\Learning\Javaaa\Learn_Backend\Spring_WebFlux\appp\social_media_FE\node_modules\@babel\parser\lib\index.js:13461:10)
      at TypeScriptParserMixin.parseFunctionStatement (D:\Learning\Javaaa\Learn_Backend\Spring_WebFlux\appp\social_media_FE\node_modules\@babel\parser\lib\index.js:13142:17)
      at TypeScriptParserMixin.parseStatementContent (D:\Learning\Javaaa\Learn_Backend\Spring_WebFlux\appp\social_media_FE\node_modules\@babel\parser\lib\index.js:12808:21)
      at TypeScriptParserMixin.parseStatementContent (D:\Learning\Javaaa\Learn_Backend\Spring_WebFlux\appp\social_media_FE\node_modules\@babel\parser\lib\index.js:9525:18)
      at TypeScriptParserMixin.parseStatementLike (D:\Learning\Javaaa\Learn_Backend\Spring_WebFlux\appp\social_media_FE\node_modules\@babel\parser\lib\index.js:12784:17)
      at TypeScriptParserMixin.parseStatementListItem (D:\Learning\Javaaa\Learn_Backend\Spring_WebFlux\appp\social_media_FE\node_modules\@babel\parser\lib\index.js:12764:17)
[2m01:55:34[22m [31m[1m[vite][22m[39m [31m[2m(client)[22m[39m Pre-transform error: Transform failed with 1 error:
D:/Learning/Javaaa/Learn_Backend/Spring_WebFlux/appp/social_media_FE/src/api.ts:2:14: ERROR: Expected string but found "."
  Plugin: [35mvite:esbuild[39m
  File: [36mD:/Learning/Javaaa/Learn_Backend/Spring_WebFlux/appp/social_media_FE/src/api.ts[39m:2:14
[33m  
  [33mExpected string but found "."[33m
  1  |  // Compatibility export while feature modules move to shared/api.
  2  |  export * from ./shared/api;
     |                ^
  3  |  
  [39m
[2m01:55:34[22m [31m[1m[vite][22m[39m [31m[2m(client)[22m[39m Pre-transform error: Transform failed with 1 error:
D:/Learning/Javaaa/Learn_Backend/Spring_WebFlux/appp/social_media_FE/src/api.ts:2:14: ERROR: Expected string but found "."
  Plugin: [35mvite:esbuild[39m
  File: [36mD:/Learning/Javaaa/Learn_Backend/Spring_WebFlux/appp/social_media_FE/src/api.ts[39m:2:14
[33m  
  [33mExpected string but found "."[33m
  1  |  // Compatibility export while feature modules move to shared/api.
  2  |  export * from ./shared/api;
     |                ^
  3  |  
  [39m
[2m01:55:34[22m [31m[1m[vite][22m[39m [31m[2m(client)[22m[39m Pre-transform error: Transform failed with 1 error:
D:/Learning/Javaaa/Learn_Backend/Spring_WebFlux/appp/social_media_FE/src/api.ts:2:14: ERROR: Expected string but found "."
  Plugin: [35mvite:esbuild[39m
  File: [36mD:/Learning/Javaaa/Learn_Backend/Spring_WebFlux/appp/social_media_FE/src/api.ts[39m:2:14
[33m  
  [33mExpected string but found "."[33m
  1  |  // Compatibility export while feature modules move to shared/api.
  2  |  export * from ./shared/api;
     |                ^
  3  |  
  [39m
[2m01:55:34[22m [31m[1m[vite][22m[39m [31m[2m(client)[22m[39m Pre-transform error: Transform failed with 1 error:
D:/Learning/Javaaa/Learn_Backend/Spring_WebFlux/appp/social_media_FE/src/api.ts:2:14: ERROR: Expected string but found "."
  Plugin: [35mvite:esbuild[39m
  File: [36mD:/Learning/Javaaa/Learn_Backend/Spring_WebFlux/appp/social_media_FE/src/api.ts[39m:2:14
[33m  
  [33mExpected string but found "."[33m
  1  |  // Compatibility export while feature modules move to shared/api.
  2  |  export * from ./shared/api;
     |                ^
  3  |  
  [39m
[2m01:55:34[22m [31m[1m[vite][22m[39m [31m[2m(client)[22m[39m Pre-transform error: Transform failed with 1 error:
D:/Learning/Javaaa/Learn_Backend/Spring_WebFlux/appp/social_media_FE/src/api.ts:2:14: ERROR: Expected string but found "."
  Plugin: [35mvite:esbuild[39m
  File: [36mD:/Learning/Javaaa/Learn_Backend/Spring_WebFlux/appp/social_media_FE/src/api.ts[39m:2:14
[33m  
  [33mExpected string but found "."[33m
  1  |  // Compatibility export while feature modules move to shared/api.
  2  |  export * from ./shared/api;
     |                ^
  3  |  
  [39m
[2m01:55:34[22m [31m[1m[vite][22m[39m [31m[2m(client)[22m[39m Pre-transform error: Transform failed with 1 error:
D:/Learning/Javaaa/Learn_Backend/Spring_WebFlux/appp/social_media_FE/src/api.ts:2:14: ERROR: Expected string but found "."
  Plugin: [35mvite:esbuild[39m
  File: [36mD:/Learning/Javaaa/Learn_Backend/Spring_WebFlux/appp/social_media_FE/src/api.ts[39m:2:14
[33m  
  [33mExpected string but found "."[33m
  1  |  // Compatibility export while feature modules move to shared/api.
  2  |  export * from ./shared/api;
     |                ^
  3  |  
  [39m
[2m01:55:34[22m [31m[1m[vite][22m[39m [31mInternal server error: Transform failed with 1 error:
D:/Learning/Javaaa/Learn_Backend/Spring_WebFlux/appp/social_media_FE/src/api.ts:2:14: ERROR: Expected string but found "."[39m
  Plugin: [35mvite:esbuild[39m
  File: [36mD:/Learning/Javaaa/Learn_Backend/Spring_WebFlux/appp/social_media_FE/src/api.ts[39m:2:14
[33m  
  [33mExpected string but found "."[33m
  1  |  // Compatibility export while feature modules move to shared/api.
  2  |  export * from ./shared/api;
     |                ^
  3  |  
  [39m
      at failureErrorWithLog (D:\Learning\Javaaa\Learn_Backend\Spring_WebFlux\appp\social_media_FE\node_modules\esbuild\lib\main.js:1467:15)
      at D:\Learning\Javaaa\Learn_Backend\Spring_WebFlux\appp\social_media_FE\node_modules\esbuild\lib\main.js:736:50
      at responseCallbacks.<computed> (D:\Learning\Javaaa\Learn_Backend\Spring_WebFlux\appp\social_media_FE\node_modules\esbuild\lib\main.js:603:9)
      at handleIncomingPacket (D:\Learning\Javaaa\Learn_Backend\Spring_WebFlux\appp\social_media_FE\node_modules\esbuild\lib\main.js:658:12)
      at Socket.readFromStdout (D:\Learning\Javaaa\Learn_Backend\Spring_WebFlux\appp\social_media_FE\node_modules\esbuild\lib\main.js:581:7)
      at Socket.emit (node:events:509:28)
      at addChunk (node:internal/streams/readable:563:12)
      at readableAddChunkPushByteMode (node:internal/streams/readable:514:3)
      at Readable.push (node:internal/streams/readable:394:5)
      at Pipe.onStreamRead (node:internal/stream_base_commons:189:23)
[2m01:55:34[22m [31m[1m[vite][22m[39m [31mInternal server error: Transform failed with 1 error:
D:/Learning/Javaaa/Learn_Backend/Spring_WebFlux/appp/social_media_FE/src/api.ts:2:14: ERROR: Expected string but found "."[39m
  Plugin: [35mvite:esbuild[39m
  File: [36mD:/Learning/Javaaa/Learn_Backend/Spring_WebFlux/appp/social_media_FE/src/api.ts[39m:2:14
[33m  
  [33mExpected string but found "."[33m
  1  |  // Compatibility export while feature modules move to shared/api.
  2  |  export * from ./shared/api;
     |                ^
  3  |  
  [39m
      at failureErrorWithLog (D:\Learning\Javaaa\Learn_Backend\Spring_WebFlux\appp\social_media_FE\node_modules\esbuild\lib\main.js:1467:15)
      at D:\Learning\Javaaa\Learn_Backend\Spring_WebFlux\appp\social_media_FE\node_modules\esbuild\lib\main.js:736:50
      at responseCallbacks.<computed> (D:\Learning\Javaaa\Learn_Backend\Spring_WebFlux\appp\social_media_FE\node_modules\esbuild\lib\main.js:603:9)
      at handleIncomingPacket (D:\Learning\Javaaa\Learn_Backend\Spring_WebFlux\appp\social_media_FE\node_modules\esbuild\lib\main.js:658:12)
      at Socket.readFromStdout (D:\Learning\Javaaa\Learn_Backend\Spring_WebFlux\appp\social_media_FE\node_modules\esbuild\lib\main.js:581:7)
      at Socket.emit (node:events:509:28)
      at addChunk (node:internal/streams/readable:563:12)
      at readableAddChunkPushByteMode (node:internal/streams/readable:514:3)
      at Readable.push (node:internal/streams/readable:394:5)
      at Pipe.onStreamRead (node:internal/stream_base_commons:189:23)
[2m01:55:34[22m [31m[1m[vite][22m[39m [31mInternal server error: Transform failed with 1 error:
D:/Learning/Javaaa/Learn_Backend/Spring_WebFlux/appp/social_media_FE/src/api.ts:2:14: ERROR: Expected string but found "."[39m
  Plugin: [35mvite:esbuild[39m
  File: [36mD:/Learning/Javaaa/Learn_Backend/Spring_WebFlux/appp/social_media_FE/src/api.ts[39m:2:14
[33m  
  [33mExpected string but found "."[33m
  1  |  // Compatibility export while feature modules move to shared/api.
  2  |  export * from ./shared/api;
     |                ^
  3  |  
  [39m
      at failureErrorWithLog (D:\Learning\Javaaa\Learn_Backend\Spring_WebFlux\appp\social_media_FE\node_modules\esbuild\lib\main.js:1467:15)
      at D:\Learning\Javaaa\Learn_Backend\Spring_WebFlux\appp\social_media_FE\node_modules\esbuild\lib\main.js:736:50
      at responseCallbacks.<computed> (D:\Learning\Javaaa\Learn_Backend\Spring_WebFlux\appp\social_media_FE\node_modules\esbuild\lib\main.js:603:9)
      at handleIncomingPacket (D:\Learning\Javaaa\Learn_Backend\Spring_WebFlux\appp\social_media_FE\node_modules\esbuild\lib\main.js:658:12)
      at Socket.readFromStdout (D:\Learning\Javaaa\Learn_Backend\Spring_WebFlux\appp\social_media_FE\node_modules\esbuild\lib\main.js:581:7)
      at Socket.emit (node:events:509:28)
      at addChunk (node:internal/streams/readable:563:12)
      at readableAddChunkPushByteMode (node:internal/streams/readable:514:3)
      at Readable.push (node:internal/streams/readable:394:5)
      at Pipe.onStreamRead (node:internal/stream_base_commons:189:23)
[2m01:55:34[22m [31m[1m[vite][22m[39m [31mInternal server error: Transform failed with 1 error:
D:/Learning/Javaaa/Learn_Backend/Spring_WebFlux/appp/social_media_FE/src/api.ts:2:14: ERROR: Expected string but found "."[39m
  Plugin: [35mvite:esbuild[39m
  File: [36mD:/Learning/Javaaa/Learn_Backend/Spring_WebFlux/appp/social_media_FE/src/api.ts[39m:2:14
[33m  
  [33mExpected string but found "."[33m
  1  |  // Compatibility export while feature modules move to shared/api.
  2  |  export * from ./shared/api;
     |                ^
  3  |  
  [39m
      at failureErrorWithLog (D:\Learning\Javaaa\Learn_Backend\Spring_WebFlux\appp\social_media_FE\node_modules\esbuild\lib\main.js:1467:15)
      at D:\Learning\Javaaa\Learn_Backend\Spring_WebFlux\appp\social_media_FE\node_modules\esbuild\lib\main.js:736:50
      at responseCallbacks.<computed> (D:\Learning\Javaaa\Learn_Backend\Spring_WebFlux\appp\social_media_FE\node_modules\esbuild\lib\main.js:603:9)
      at handleIncomingPacket (D:\Learning\Javaaa\Learn_Backend\Spring_WebFlux\appp\social_media_FE\node_modules\esbuild\lib\main.js:658:12)
      at Socket.readFromStdout (D:\Learning\Javaaa\Learn_Backend\Spring_WebFlux\appp\social_media_FE\node_modules\esbuild\lib\main.js:581:7)
      at Socket.emit (node:events:509:28)
      at addChunk (node:internal/streams/readable:563:12)
      at readableAddChunkPushByteMode (node:internal/streams/readable:514:3)
      at Readable.push (node:internal/streams/readable:394:5)
      at Pipe.onStreamRead (node:internal/stream_base_commons:189:23)
[2m02:00:17[22m [31m[1m[vite][22m[39m Pre-transform error: D:\Learning\Javaaa\Learn_Backend\Spring_WebFlux\appp\social_media_FE\src\main.tsx: Unexpected token (1:18)

[0m[31m[1m>[22m[39m[90m 1 |[39m [36mimport[39m [33mReact[39m [36mfrom[39m react[33m;[39m
 [90m   |[39m                   [31m[1m^[22m[39m
 [90m 2 |[39m [36mimport[39m [33mReactDOM[39m [36mfrom[39m react[33m-[39mdom[33m/[39mclient[33m;[39m
 [90m 3 |[39m [36mimport[39m [33mApp[39m [36mfrom[39m [33m.[39m[33m/[39mapp[33m/[39m[33mApp[39m[33m;[39m
 [90m 4 |[39m [36mimport[39m [33m.[39m[33m/[39mshared[33m/[39mstyles[33m/[39mtokens[33m.[39mcss[33m;[39m[0m
  Plugin: [35mvite:react-babel[39m
  File: [36mD:/Learning/Javaaa/Learn_Backend/Spring_WebFlux/appp/social_media_FE/src/main.tsx[39m:1:18
[33m  1  |  import React from react;
     |                    ^
  2  |  import ReactDOM from react-dom/client;
  3  |  import App from ./app/App;[39m
[2m02:00:17[22m [31m[1m[vite][22m[39m Pre-transform error: D:\Learning\Javaaa\Learn_Backend\Spring_WebFlux\appp\social_media_FE\src\main.tsx: Unexpected token (1:18)

[0m[31m[1m>[22m[39m[90m 1 |[39m [36mimport[39m [33mReact[39m [36mfrom[39m react[33m;[39m
 [90m   |[39m                   [31m[1m^[22m[39m
 [90m 2 |[39m [36mimport[39m [33mReactDOM[39m [36mfrom[39m react[33m-[39mdom[33m/[39mclient[33m;[39m
 [90m 3 |[39m [36mimport[39m [33mApp[39m [36mfrom[39m [33m.[39m[33m/[39mapp[33m/[39m[33mApp[39m[33m;[39m
 [90m 4 |[39m [36mimport[39m [33m.[39m[33m/[39mshared[33m/[39mstyles[33m/[39mtokens[33m.[39mcss[33m;[39m[0m
  Plugin: [35mvite:react-babel[39m
  File: [36mD:/Learning/Javaaa/Learn_Backend/Spring_WebFlux/appp/social_media_FE/src/main.tsx[39m:1:18
[33m  1  |  import React from react;
     |                    ^
  2  |  import ReactDOM from react-dom/client;
  3  |  import App from ./app/App;[39m
[2m02:00:17[22m [31m[1m[vite][22m[39m [31mInternal server error: D:\Learning\Javaaa\Learn_Backend\Spring_WebFlux\appp\social_media_FE\src\main.tsx: Unexpected token (1:18)

[0m[31m[1m>[22m[31m[90m 1 |[31m [36mimport[31m [33mReact[31m [36mfrom[31m react[33m;[31m
 [90m   |[31m                   [31m[1m^[22m[31m
 [90m 2 |[31m [36mimport[31m [33mReactDOM[31m [36mfrom[31m react[33m-[31mdom[33m/[31mclient[33m;[31m
 [90m 3 |[31m [36mimport[31m [33mApp[31m [36mfrom[31m [33m.[31m[33m/[31mapp[33m/[31m[33mApp[31m[33m;[31m
 [90m 4 |[31m [36mimport[31m [33m.[31m[33m/[31mshared[33m/[31mstyles[33m/[31mtokens[33m.[31mcss[33m;[31m[0m[39m
  Plugin: [35mvite:react-babel[39m
  File: [36mD:/Learning/Javaaa/Learn_Backend/Spring_WebFlux/appp/social_media_FE/src/main.tsx[39m:1:18
[33m  1  |  import React from react;
     |                    ^
  2  |  import ReactDOM from react-dom/client;
  3  |  import App from ./app/App;[39m
      at constructor (D:\Learning\Javaaa\Learn_Backend\Spring_WebFlux\appp\social_media_FE\node_modules\@babel\parser\lib\index.js:365:19)
      at TypeScriptParserMixin.raise (D:\Learning\Javaaa\Learn_Backend\Spring_WebFlux\appp\social_media_FE\node_modules\@babel\parser\lib\index.js:6616:19)
      at TypeScriptParserMixin.unexpected (D:\Learning\Javaaa\Learn_Backend\Spring_WebFlux\appp\social_media_FE\node_modules\@babel\parser\lib\index.js:6636:16)
      at TypeScriptParserMixin.parseImportSource (D:\Learning\Javaaa\Learn_Backend\Spring_WebFlux\appp\social_media_FE\node_modules\@babel\parser\lib\index.js:14275:32)
      at TypeScriptParserMixin.parseImportSourceAndAttributes (D:\Learning\Javaaa\Learn_Backend\Spring_WebFlux\appp\social_media_FE\node_modules\@babel\parser\lib\index.js:14266:24)
      at TypeScriptParserMixin.parseImportSpecifiersAndAfter (D:\Learning\Javaaa\Learn_Backend\Spring_WebFlux\appp\social_media_FE\node_modules\@babel\parser\lib\index.js:14261:17)
      at TypeScriptParserMixin.parseImport (D:\Learning\Javaaa\Learn_Backend\Spring_WebFlux\appp\social_media_FE\node_modules\@babel\parser\lib\index.js:14252:17)
      at TypeScriptParserMixin.parseImport (D:\Learning\Javaaa\Learn_Backend\Spring_WebFlux\appp\social_media_FE\node_modules\@babel\parser\lib\index.js:9370:26)
      at TypeScriptParserMixin.parseStatementContent (D:\Learning\Javaaa\Learn_Backend\Spring_WebFlux\appp\social_media_FE\node_modules\@babel\parser\lib\index.js:12893:27)
      at TypeScriptParserMixin.parseStatementContent (D:\Learning\Javaaa\Learn_Backend\Spring_WebFlux\appp\social_media_FE\node_modules\@babel\parser\lib\index.js:9525:18)
      at TypeScriptParserMixin.parseStatementLike (D:\Learning\Javaaa\Learn_Backend\Spring_WebFlux\appp\social_media_FE\node_modules\@babel\parser\lib\index.js:12784:17)
      at TypeScriptParserMixin.parseModuleItem (D:\Learning\Javaaa\Learn_Backend\Spring_WebFlux\appp\social_media_FE\node_modules\@babel\parser\lib\index.js:12761:17)
      at TypeScriptParserMixin.parseBlockOrModuleBlockBody (D:\Learning\Javaaa\Learn_Backend\Spring_WebFlux\appp\social_media_FE\node_modules\@babel\parser\lib\index.js:13333:36)
      at TypeScriptParserMixin.parseBlockBody (D:\Learning\Javaaa\Learn_Backend\Spring_WebFlux\appp\social_media_FE\node_modules\@babel\parser\lib\index.js:13326:10)
      at TypeScriptParserMixin.parseProgram (D:\Learning\Javaaa\Learn_Backend\Spring_WebFlux\appp\social_media_FE\node_modules\@babel\parser\lib\index.js:12639:10)
      at TypeScriptParserMixin.parseTopLevel (D:\Learning\Javaaa\Learn_Backend\Spring_WebFlux\appp\social_media_FE\node_modules\@babel\parser\lib\index.js:12629:25)
      at TypeScriptParserMixin.parse (D:\Learning\Javaaa\Learn_Backend\Spring_WebFlux\appp\social_media_FE\node_modules\@babel\parser\lib\index.js:14505:25)
      at TypeScriptParserMixin.parse (D:\Learning\Javaaa\Learn_Backend\Spring_WebFlux\appp\social_media_FE\node_modules\@babel\parser\lib\index.js:10143:18)
      at parse (D:\Learning\Javaaa\Learn_Backend\Spring_WebFlux\appp\social_media_FE\node_modules\@babel\parser\lib\index.js:14539:38)
      at parser (D:\Learning\Javaaa\Learn_Backend\Spring_WebFlux\appp\social_media_FE\node_modules\@babel\core\lib\parser\index.js:41:34)
      at parser.next (<anonymous>)
      at normalizeFile (D:\Learning\Javaaa\Learn_Backend\Spring_WebFlux\appp\social_media_FE\node_modules\@babel\core\lib\transformation\normalize-file.js:51:37)
      at normalizeFile.next (<anonymous>)
      at run (D:\Learning\Javaaa\Learn_Backend\Spring_WebFlux\appp\social_media_FE\node_modules\@babel\core\lib\transformation\index.js:22:50)
      at run.next (<anonymous>)
      at transform (D:\Learning\Javaaa\Learn_Backend\Spring_WebFlux\appp\social_media_FE\node_modules\@babel\core\lib\transform.js:22:33)
      at transform.next (<anonymous>)
      at step (D:\Learning\Javaaa\Learn_Backend\Spring_WebFlux\appp\social_media_FE\node_modules\gensync\index.js:261:32)
      at D:\Learning\Javaaa\Learn_Backend\Spring_WebFlux\appp\social_media_FE\node_modules\gensync\index.js:273:13
      at async.call.result.err.err (D:\Learning\Javaaa\Learn_Backend\Spring_WebFlux\appp\social_media_FE\node_modules\gensync\index.js:223:11)
      at D:\Learning\Javaaa\Learn_Backend\Spring_WebFlux\appp\social_media_FE\node_modules\gensync\index.js:189:28
      at D:\Learning\Javaaa\Learn_Backend\Spring_WebFlux\appp\social_media_FE\node_modules\@babel\core\lib\gensync-utils\async.js:67:7
      at D:\Learning\Javaaa\Learn_Backend\Spring_WebFlux\appp\social_media_FE\node_modules\gensync\index.js:113:33
      at step (D:\Learning\Javaaa\Learn_Backend\Spring_WebFlux\appp\social_media_FE\node_modules\gensync\index.js:287:14)
      at D:\Learning\Javaaa\Learn_Backend\Spring_WebFlux\appp\social_media_FE\node_modules\gensync\index.js:273:13
      at async.call.result.err.err (D:\Learning\Javaaa\Learn_Backend\Spring_WebFlux\appp\social_media_FE\node_modules\gensync\index.js:223:11)
[2m02:00:17[22m [31m[1m[vite][22m[39m Pre-transform error: D:\Learning\Javaaa\Learn_Backend\Spring_WebFlux\appp\social_media_FE\src\main.tsx: Unexpected token (1:18)

[0m[31m[1m>[22m[39m[90m 1 |[39m [36mimport[39m [33mReact[39m [36mfrom[39m react[33m;[39m
 [90m   |[39m                   [31m[1m^[22m[39m
 [90m 2 |[39m [36mimport[39m [33mReactDOM[39m [36mfrom[39m react[33m-[39mdom[33m/[39mclient[33m;[39m
 [90m 3 |[39m [36mimport[39m [33mApp[39m [36mfrom[39m [33m.[39m[33m/[39mapp[33m/[39m[33mApp[39m[33m;[39m
 [90m 4 |[39m [36mimport[39m [33m.[39m[33m/[39mshared[33m/[39mstyles[33m/[39mtokens[33m.[39mcss[33m;[39m[0m
  Plugin: [35mvite:react-babel[39m
  File: [36mD:/Learning/Javaaa/Learn_Backend/Spring_WebFlux/appp/social_media_FE/src/main.tsx[39m:1:18
[33m  1  |  import React from react;
     |                    ^
  2  |  import ReactDOM from react-dom/client;
  3  |  import App from ./app/App;[39m
[2m02:00:17[22m [31m[1m[vite][22m[39m Pre-transform error: D:\Learning\Javaaa\Learn_Backend\Spring_WebFlux\appp\social_media_FE\src\main.tsx: Unexpected token (1:18)

[0m[31m[1m>[22m[39m[90m 1 |[39m [36mimport[39m [33mReact[39m [36mfrom[39m react[33m;[39m
 [90m   |[39m                   [31m[1m^[22m[39m
 [90m 2 |[39m [36mimport[39m [33mReactDOM[39m [36mfrom[39m react[33m-[39mdom[33m/[39mclient[33m;[39m
 [90m 3 |[39m [36mimport[39m [33mApp[39m [36mfrom[39m [33m.[39m[33m/[39mapp[33m/[39m[33mApp[39m[33m;[39m
 [90m 4 |[39m [36mimport[39m [33m.[39m[33m/[39mshared[33m/[39mstyles[33m/[39mtokens[33m.[39mcss[33m;[39m[0m
  Plugin: [35mvite:react-babel[39m
  File: [36mD:/Learning/Javaaa/Learn_Backend/Spring_WebFlux/appp/social_media_FE/src/main.tsx[39m:1:18
[33m  1  |  import React from react;
     |                    ^
  2  |  import ReactDOM from react-dom/client;
  3  |  import App from ./app/App;[39m
[2m02:00:17[22m [31m[1m[vite][22m[39m [31mInternal server error: D:\Learning\Javaaa\Learn_Backend\Spring_WebFlux\appp\social_media_FE\src\main.tsx: Unexpected token (1:18)

[0m[31m[1m>[22m[31m[90m 1 |[31m [36mimport[31m [33mReact[31m [36mfrom[31m react[33m;[31m
 [90m   |[31m                   [31m[1m^[22m[31m
 [90m 2 |[31m [36mimport[31m [33mReactDOM[31m [36mfrom[31m react[33m-[31mdom[33m/[31mclient[33m;[31m
 [90m 3 |[31m [36mimport[31m [33mApp[31m [36mfrom[31m [33m.[31m[33m/[31mapp[33m/[31m[33mApp[31m[33m;[31m
 [90m 4 |[31m [36mimport[31m [33m.[31m[33m/[31mshared[33m/[31mstyles[33m/[31mtokens[33m.[31mcss[33m;[31m[0m[39m
  Plugin: [35mvite:react-babel[39m
  File: [36mD:/Learning/Javaaa/Learn_Backend/Spring_WebFlux/appp/social_media_FE/src/main.tsx[39m:1:18
[33m  1  |  import React from react;
     |                    ^
  2  |  import ReactDOM from react-dom/client;
  3  |  import App from ./app/App;[39m
      at constructor (D:\Learning\Javaaa\Learn_Backend\Spring_WebFlux\appp\social_media_FE\node_modules\@babel\parser\lib\index.js:365:19)
      at TypeScriptParserMixin.raise (D:\Learning\Javaaa\Learn_Backend\Spring_WebFlux\appp\social_media_FE\node_modules\@babel\parser\lib\index.js:6616:19)
      at TypeScriptParserMixin.unexpected (D:\Learning\Javaaa\Learn_Backend\Spring_WebFlux\appp\social_media_FE\node_modules\@babel\parser\lib\index.js:6636:16)
      at TypeScriptParserMixin.parseImportSource (D:\Learning\Javaaa\Learn_Backend\Spring_WebFlux\appp\social_media_FE\node_modules\@babel\parser\lib\index.js:14275:32)
      at TypeScriptParserMixin.parseImportSourceAndAttributes (D:\Learning\Javaaa\Learn_Backend\Spring_WebFlux\appp\social_media_FE\node_modules\@babel\parser\lib\index.js:14266:24)
      at TypeScriptParserMixin.parseImportSpecifiersAndAfter (D:\Learning\Javaaa\Learn_Backend\Spring_WebFlux\appp\social_media_FE\node_modules\@babel\parser\lib\index.js:14261:17)
      at TypeScriptParserMixin.parseImport (D:\Learning\Javaaa\Learn_Backend\Spring_WebFlux\appp\social_media_FE\node_modules\@babel\parser\lib\index.js:14252:17)
      at TypeScriptParserMixin.parseImport (D:\Learning\Javaaa\Learn_Backend\Spring_WebFlux\appp\social_media_FE\node_modules\@babel\parser\lib\index.js:9370:26)
      at TypeScriptParserMixin.parseStatementContent (D:\Learning\Javaaa\Learn_Backend\Spring_WebFlux\appp\social_media_FE\node_modules\@babel\parser\lib\index.js:12893:27)
      at TypeScriptParserMixin.parseStatementContent (D:\Learning\Javaaa\Learn_Backend\Spring_WebFlux\appp\social_media_FE\node_modules\@babel\parser\lib\index.js:9525:18)
      at TypeScriptParserMixin.parseStatementLike (D:\Learning\Javaaa\Learn_Backend\Spring_WebFlux\appp\social_media_FE\node_modules\@babel\parser\lib\index.js:12784:17)
      at TypeScriptParserMixin.parseModuleItem (D:\Learning\Javaaa\Learn_Backend\Spring_WebFlux\appp\social_media_FE\node_modules\@babel\parser\lib\index.js:12761:17)
      at TypeScriptParserMixin.parseBlockOrModuleBlockBody (D:\Learning\Javaaa\Learn_Backend\Spring_WebFlux\appp\social_media_FE\node_modules\@babel\parser\lib\index.js:13333:36)
      at TypeScriptParserMixin.parseBlockBody (D:\Learning\Javaaa\Learn_Backend\Spring_WebFlux\appp\social_media_FE\node_modules\@babel\parser\lib\index.js:13326:10)
      at TypeScriptParserMixin.parseProgram (D:\Learning\Javaaa\Learn_Backend\Spring_WebFlux\appp\social_media_FE\node_modules\@babel\parser\lib\index.js:12639:10)
      at TypeScriptParserMixin.parseTopLevel (D:\Learning\Javaaa\Learn_Backend\Spring_WebFlux\appp\social_media_FE\node_modules\@babel\parser\lib\index.js:12629:25)
      at TypeScriptParserMixin.parse (D:\Learning\Javaaa\Learn_Backend\Spring_WebFlux\appp\social_media_FE\node_modules\@babel\parser\lib\index.js:14505:25)
      at TypeScriptParserMixin.parse (D:\Learning\Javaaa\Learn_Backend\Spring_WebFlux\appp\social_media_FE\node_modules\@babel\parser\lib\index.js:10143:18)
      at parse (D:\Learning\Javaaa\Learn_Backend\Spring_WebFlux\appp\social_media_FE\node_modules\@babel\parser\lib\index.js:14539:38)
      at parser (D:\Learning\Javaaa\Learn_Backend\Spring_WebFlux\appp\social_media_FE\node_modules\@babel\core\lib\parser\index.js:41:34)
      at parser.next (<anonymous>)
      at normalizeFile (D:\Learning\Javaaa\Learn_Backend\Spring_WebFlux\appp\social_media_FE\node_modules\@babel\core\lib\transformation\normalize-file.js:51:37)
      at normalizeFile.next (<anonymous>)
      at run (D:\Learning\Javaaa\Learn_Backend\Spring_WebFlux\appp\social_media_FE\node_modules\@babel\core\lib\transformation\index.js:22:50)
      at run.next (<anonymous>)
      at transform (D:\Learning\Javaaa\Learn_Backend\Spring_WebFlux\appp\social_media_FE\node_modules\@babel\core\lib\transform.js:22:33)
      at transform.next (<anonymous>)
      at step (D:\Learning\Javaaa\Learn_Backend\Spring_WebFlux\appp\social_media_FE\node_modules\gensync\index.js:261:32)
      at D:\Learning\Javaaa\Learn_Backend\Spring_WebFlux\appp\social_media_FE\node_modules\gensync\index.js:273:13
      at async.call.result.err.err (D:\Learning\Javaaa\Learn_Backend\Spring_WebFlux\appp\social_media_FE\node_modules\gensync\index.js:223:11)
      at D:\Learning\Javaaa\Learn_Backend\Spring_WebFlux\appp\social_media_FE\node_modules\gensync\index.js:189:28
      at D:\Learning\Javaaa\Learn_Backend\Spring_WebFlux\appp\social_media_FE\node_modules\@babel\core\lib\gensync-utils\async.js:67:7
      at D:\Learning\Javaaa\Learn_Backend\Spring_WebFlux\appp\social_media_FE\node_modules\gensync\index.js:113:33
      at step (D:\Learning\Javaaa\Learn_Backend\Spring_WebFlux\appp\social_media_FE\node_modules\gensync\index.js:287:14)
      at D:\Learning\Javaaa\Learn_Backend\Spring_WebFlux\appp\social_media_FE\node_modules\gensync\index.js:273:13
      at async.call.result.err.err (D:\Learning\Javaaa\Learn_Backend\Spring_WebFlux\appp\social_media_FE\node_modules\gensync\index.js:223:11)
[2m02:00:17[22m [31m[1m[vite][22m[39m [31mInternal server error: D:\Learning\Javaaa\Learn_Backend\Spring_WebFlux\appp\social_media_FE\src\main.tsx: Unexpected token (1:18)

[0m[31m[1m>[22m[31m[90m 1 |[31m [36mimport[31m [33mReact[31m [36mfrom[31m react[33m;[31m
 [90m   |[31m                   [31m[1m^[22m[31m
 [90m 2 |[31m [36mimport[31m [33mReactDOM[31m [36mfrom[31m react[33m-[31mdom[33m/[31mclient[33m;[31m
 [90m 3 |[31m [36mimport[31m [33mApp[31m [36mfrom[31m [33m.[31m[33m/[31mapp[33m/[31m[33mApp[31m[33m;[31m
 [90m 4 |[31m [36mimport[31m [33m.[31m[33m/[31mshared[33m/[31mstyles[33m/[31mtokens[33m.[31mcss[33m;[31m[0m[39m
  Plugin: [35mvite:react-babel[39m
  File: [36mD:/Learning/Javaaa/Learn_Backend/Spring_WebFlux/appp/social_media_FE/src/main.tsx[39m:1:18
[33m  1  |  import React from react;
     |                    ^
  2  |  import ReactDOM from react-dom/client;
  3  |  import App from ./app/App;[39m
      at constructor (D:\Learning\Javaaa\Learn_Backend\Spring_WebFlux\appp\social_media_FE\node_modules\@babel\parser\lib\index.js:365:19)
      at TypeScriptParserMixin.raise (D:\Learning\Javaaa\Learn_Backend\Spring_WebFlux\appp\social_media_FE\node_modules\@babel\parser\lib\index.js:6616:19)
      at TypeScriptParserMixin.unexpected (D:\Learning\Javaaa\Learn_Backend\Spring_WebFlux\appp\social_media_FE\node_modules\@babel\parser\lib\index.js:6636:16)
      at TypeScriptParserMixin.parseImportSource (D:\Learning\Javaaa\Learn_Backend\Spring_WebFlux\appp\social_media_FE\node_modules\@babel\parser\lib\index.js:14275:32)
      at TypeScriptParserMixin.parseImportSourceAndAttributes (D:\Learning\Javaaa\Learn_Backend\Spring_WebFlux\appp\social_media_FE\node_modules\@babel\parser\lib\index.js:14266:24)
      at TypeScriptParserMixin.parseImportSpecifiersAndAfter (D:\Learning\Javaaa\Learn_Backend\Spring_WebFlux\appp\social_media_FE\node_modules\@babel\parser\lib\index.js:14261:17)
      at TypeScriptParserMixin.parseImport (D:\Learning\Javaaa\Learn_Backend\Spring_WebFlux\appp\social_media_FE\node_modules\@babel\parser\lib\index.js:14252:17)
      at TypeScriptParserMixin.parseImport (D:\Learning\Javaaa\Learn_Backend\Spring_WebFlux\appp\social_media_FE\node_modules\@babel\parser\lib\index.js:9370:26)
      at TypeScriptParserMixin.parseStatementContent (D:\Learning\Javaaa\Learn_Backend\Spring_WebFlux\appp\social_media_FE\node_modules\@babel\parser\lib\index.js:12893:27)
      at TypeScriptParserMixin.parseStatementContent (D:\Learning\Javaaa\Learn_Backend\Spring_WebFlux\appp\social_media_FE\node_modules\@babel\parser\lib\index.js:9525:18)
      at TypeScriptParserMixin.parseStatementLike (D:\Learning\Javaaa\Learn_Backend\Spring_WebFlux\appp\social_media_FE\node_modules\@babel\parser\lib\index.js:12784:17)
      at TypeScriptParserMixin.parseModuleItem (D:\Learning\Javaaa\Learn_Backend\Spring_WebFlux\appp\social_media_FE\node_modules\@babel\parser\lib\index.js:12761:17)
      at TypeScriptParserMixin.parseBlockOrModuleBlockBody (D:\Learning\Javaaa\Learn_Backend\Spring_WebFlux\appp\social_media_FE\node_modules\@babel\parser\lib\index.js:13333:36)
      at TypeScriptParserMixin.parseBlockBody (D:\Learning\Javaaa\Learn_Backend\Spring_WebFlux\appp\social_media_FE\node_modules\@babel\parser\lib\index.js:13326:10)
      at TypeScriptParserMixin.parseProgram (D:\Learning\Javaaa\Learn_Backend\Spring_WebFlux\appp\social_media_FE\node_modules\@babel\parser\lib\index.js:12639:10)
      at TypeScriptParserMixin.parseTopLevel (D:\Learning\Javaaa\Learn_Backend\Spring_WebFlux\appp\social_media_FE\node_modules\@babel\parser\lib\index.js:12629:25)
      at TypeScriptParserMixin.parse (D:\Learning\Javaaa\Learn_Backend\Spring_WebFlux\appp\social_media_FE\node_modules\@babel\parser\lib\index.js:14505:25)
      at TypeScriptParserMixin.parse (D:\Learning\Javaaa\Learn_Backend\Spring_WebFlux\appp\social_media_FE\node_modules\@babel\parser\lib\index.js:10143:18)
      at parse (D:\Learning\Javaaa\Learn_Backend\Spring_WebFlux\appp\social_media_FE\node_modules\@babel\parser\lib\index.js:14539:38)
      at parser (D:\Learning\Javaaa\Learn_Backend\Spring_WebFlux\appp\social_media_FE\node_modules\@babel\core\lib\parser\index.js:41:34)
      at parser.next (<anonymous>)
      at normalizeFile (D:\Learning\Javaaa\Learn_Backend\Spring_WebFlux\appp\social_media_FE\node_modules\@babel\core\lib\transformation\normalize-file.js:51:37)
      at normalizeFile.next (<anonymous>)
      at run (D:\Learning\Javaaa\Learn_Backend\Spring_WebFlux\appp\social_media_FE\node_modules\@babel\core\lib\transformation\index.js:22:50)
      at run.next (<anonymous>)
      at transform (D:\Learning\Javaaa\Learn_Backend\Spring_WebFlux\appp\social_media_FE\node_modules\@babel\core\lib\transform.js:22:33)
      at transform.next (<anonymous>)
      at step (D:\Learning\Javaaa\Learn_Backend\Spring_WebFlux\appp\social_media_FE\node_modules\gensync\index.js:261:32)
      at D:\Learning\Javaaa\Learn_Backend\Spring_WebFlux\appp\social_media_FE\node_modules\gensync\index.js:273:13
      at async.call.result.err.err (D:\Learning\Javaaa\Learn_Backend\Spring_WebFlux\appp\social_media_FE\node_modules\gensync\index.js:223:11)
      at D:\Learning\Javaaa\Learn_Backend\Spring_WebFlux\appp\social_media_FE\node_modules\gensync\index.js:189:28
      at D:\Learning\Javaaa\Learn_Backend\Spring_WebFlux\appp\social_media_FE\node_modules\@babel\core\lib\gensync-utils\async.js:67:7
      at D:\Learning\Javaaa\Learn_Backend\Spring_WebFlux\appp\social_media_FE\node_modules\gensync\index.js:113:33
      at step (D:\Learning\Javaaa\Learn_Backend\Spring_WebFlux\appp\social_media_FE\node_modules\gensync\index.js:287:14)
      at D:\Learning\Javaaa\Learn_Backend\Spring_WebFlux\appp\social_media_FE\node_modules\gensync\index.js:273:13
      at async.call.result.err.err (D:\Learning\Javaaa\Learn_Backend\Spring_WebFlux\appp\social_media_FE\node_modules\gensync\index.js:223:11)
[2m02:00:17[22m [31m[1m[vite][22m[39m [31mInternal server error: D:\Learning\Javaaa\Learn_Backend\Spring_WebFlux\appp\social_media_FE\src\main.tsx: Unexpected token (1:18)

[0m[31m[1m>[22m[31m[90m 1 |[31m [36mimport[31m [33mReact[31m [36mfrom[31m react[33m;[31m
 [90m   |[31m                   [31m[1m^[22m[31m
 [90m 2 |[31m [36mimport[31m [33mReactDOM[31m [36mfrom[31m react[33m-[31mdom[33m/[31mclient[33m;[31m
 [90m 3 |[31m [36mimport[31m [33mApp[31m [36mfrom[31m [33m.[31m[33m/[31mapp[33m/[31m[33mApp[31m[33m;[31m
 [90m 4 |[31m [36mimport[31m [33m.[31m[33m/[31mshared[33m/[31mstyles[33m/[31mtokens[33m.[31mcss[33m;[31m[0m[39m
  Plugin: [35mvite:react-babel[39m
  File: [36mD:/Learning/Javaaa/Learn_Backend/Spring_WebFlux/appp/social_media_FE/src/main.tsx[39m:1:18
[33m  1  |  import React from react;
     |                    ^
  2  |  import ReactDOM from react-dom/client;
  3  |  import App from ./app/App;[39m
      at constructor (D:\Learning\Javaaa\Learn_Backend\Spring_WebFlux\appp\social_media_FE\node_modules\@babel\parser\lib\index.js:365:19)
      at TypeScriptParserMixin.raise (D:\Learning\Javaaa\Learn_Backend\Spring_WebFlux\appp\social_media_FE\node_modules\@babel\parser\lib\index.js:6616:19)
      at TypeScriptParserMixin.unexpected (D:\Learning\Javaaa\Learn_Backend\Spring_WebFlux\appp\social_media_FE\node_modules\@babel\parser\lib\index.js:6636:16)
      at TypeScriptParserMixin.parseImportSource (D:\Learning\Javaaa\Learn_Backend\Spring_WebFlux\appp\social_media_FE\node_modules\@babel\parser\lib\index.js:14275:32)
      at TypeScriptParserMixin.parseImportSourceAndAttributes (D:\Learning\Javaaa\Learn_Backend\Spring_WebFlux\appp\social_media_FE\node_modules\@babel\parser\lib\index.js:14266:24)
      at TypeScriptParserMixin.parseImportSpecifiersAndAfter (D:\Learning\Javaaa\Learn_Backend\Spring_WebFlux\appp\social_media_FE\node_modules\@babel\parser\lib\index.js:14261:17)
      at TypeScriptParserMixin.parseImport (D:\Learning\Javaaa\Learn_Backend\Spring_WebFlux\appp\social_media_FE\node_modules\@babel\parser\lib\index.js:14252:17)
      at TypeScriptParserMixin.parseImport (D:\Learning\Javaaa\Learn_Backend\Spring_WebFlux\appp\social_media_FE\node_modules\@babel\parser\lib\index.js:9370:26)
      at TypeScriptParserMixin.parseStatementContent (D:\Learning\Javaaa\Learn_Backend\Spring_WebFlux\appp\social_media_FE\node_modules\@babel\parser\lib\index.js:12893:27)
      at TypeScriptParserMixin.parseStatementContent (D:\Learning\Javaaa\Learn_Backend\Spring_WebFlux\appp\social_media_FE\node_modules\@babel\parser\lib\index.js:9525:18)
      at TypeScriptParserMixin.parseStatementLike (D:\Learning\Javaaa\Learn_Backend\Spring_WebFlux\appp\social_media_FE\node_modules\@babel\parser\lib\index.js:12784:17)
      at TypeScriptParserMixin.parseModuleItem (D:\Learning\Javaaa\Learn_Backend\Spring_WebFlux\appp\social_media_FE\node_modules\@babel\parser\lib\index.js:12761:17)
      at TypeScriptParserMixin.parseBlockOrModuleBlockBody (D:\Learning\Javaaa\Learn_Backend\Spring_WebFlux\appp\social_media_FE\node_modules\@babel\parser\lib\index.js:13333:36)
      at TypeScriptParserMixin.parseBlockBody (D:\Learning\Javaaa\Learn_Backend\Spring_WebFlux\appp\social_media_FE\node_modules\@babel\parser\lib\index.js:13326:10)
      at TypeScriptParserMixin.parseProgram (D:\Learning\Javaaa\Learn_Backend\Spring_WebFlux\appp\social_media_FE\node_modules\@babel\parser\lib\index.js:12639:10)
      at TypeScriptParserMixin.parseTopLevel (D:\Learning\Javaaa\Learn_Backend\Spring_WebFlux\appp\social_media_FE\node_modules\@babel\parser\lib\index.js:12629:25)
      at TypeScriptParserMixin.parse (D:\Learning\Javaaa\Learn_Backend\Spring_WebFlux\appp\social_media_FE\node_modules\@babel\parser\lib\index.js:14505:25)
      at TypeScriptParserMixin.parse (D:\Learning\Javaaa\Learn_Backend\Spring_WebFlux\appp\social_media_FE\node_modules\@babel\parser\lib\index.js:10143:18)
      at parse (D:\Learning\Javaaa\Learn_Backend\Spring_WebFlux\appp\social_media_FE\node_modules\@babel\parser\lib\index.js:14539:38)
      at parser (D:\Learning\Javaaa\Learn_Backend\Spring_WebFlux\appp\social_media_FE\node_modules\@babel\core\lib\parser\index.js:41:34)
      at parser.next (<anonymous>)
      at normalizeFile (D:\Learning\Javaaa\Learn_Backend\Spring_WebFlux\appp\social_media_FE\node_modules\@babel\core\lib\transformation\normalize-file.js:51:37)
      at normalizeFile.next (<anonymous>)
      at run (D:\Learning\Javaaa\Learn_Backend\Spring_WebFlux\appp\social_media_FE\node_modules\@babel\core\lib\transformation\index.js:22:50)
      at run.next (<anonymous>)
      at transform (D:\Learning\Javaaa\Learn_Backend\Spring_WebFlux\appp\social_media_FE\node_modules\@babel\core\lib\transform.js:22:33)
      at transform.next (<anonymous>)
      at step (D:\Learning\Javaaa\Learn_Backend\Spring_WebFlux\appp\social_media_FE\node_modules\gensync\index.js:261:32)
      at D:\Learning\Javaaa\Learn_Backend\Spring_WebFlux\appp\social_media_FE\node_modules\gensync\index.js:273:13
      at async.call.result.err.err (D:\Learning\Javaaa\Learn_Backend\Spring_WebFlux\appp\social_media_FE\node_modules\gensync\index.js:223:11)
      at D:\Learning\Javaaa\Learn_Backend\Spring_WebFlux\appp\social_media_FE\node_modules\gensync\index.js:189:28
      at D:\Learning\Javaaa\Learn_Backend\Spring_WebFlux\appp\social_media_FE\node_modules\@babel\core\lib\gensync-utils\async.js:67:7
      at D:\Learning\Javaaa\Learn_Backend\Spring_WebFlux\appp\social_media_FE\node_modules\gensync\index.js:113:33
      at step (D:\Learning\Javaaa\Learn_Backend\Spring_WebFlux\appp\social_media_FE\node_modules\gensync\index.js:287:14)
      at D:\Learning\Javaaa\Learn_Backend\Spring_WebFlux\appp\social_media_FE\node_modules\gensync\index.js:273:13
      at async.call.result.err.err (D:\Learning\Javaaa\Learn_Backend\Spring_WebFlux\appp\social_media_FE\node_modules\gensync\index.js:223:11)
[2m02:00:17[22m [31m[1m[vite][22m[39m [31mInternal server error: D:\Learning\Javaaa\Learn_Backend\Spring_WebFlux\appp\social_media_FE\src\main.tsx: Unexpected token (1:18)

[0m[31m[1m>[22m[31m[90m 1 |[31m [36mimport[31m [33mReact[31m [36mfrom[31m react[33m;[31m
 [90m   |[31m                   [31m[1m^[22m[31m
 [90m 2 |[31m [36mimport[31m [33mReactDOM[31m [36mfrom[31m react[33m-[31mdom[33m/[31mclient[33m;[31m
 [90m 3 |[31m [36mimport[31m [33mApp[31m [36mfrom[31m [33m.[31m[33m/[31mapp[33m/[31m[33mApp[31m[33m;[31m
 [90m 4 |[31m [36mimport[31m [33m.[31m[33m/[31mshared[33m/[31mstyles[33m/[31mtokens[33m.[31mcss[33m;[31m[0m[39m
  Plugin: [35mvite:react-babel[39m
  File: [36mD:/Learning/Javaaa/Learn_Backend/Spring_WebFlux/appp/social_media_FE/src/main.tsx[39m:1:18
[33m  1  |  import React from react;
     |                    ^
  2  |  import ReactDOM from react-dom/client;
  3  |  import App from ./app/App;[39m
      at constructor (D:\Learning\Javaaa\Learn_Backend\Spring_WebFlux\appp\social_media_FE\node_modules\@babel\parser\lib\index.js:365:19)
      at TypeScriptParserMixin.raise (D:\Learning\Javaaa\Learn_Backend\Spring_WebFlux\appp\social_media_FE\node_modules\@babel\parser\lib\index.js:6616:19)
      at TypeScriptParserMixin.unexpected (D:\Learning\Javaaa\Learn_Backend\Spring_WebFlux\appp\social_media_FE\node_modules\@babel\parser\lib\index.js:6636:16)
      at TypeScriptParserMixin.parseImportSource (D:\Learning\Javaaa\Learn_Backend\Spring_WebFlux\appp\social_media_FE\node_modules\@babel\parser\lib\index.js:14275:32)
      at TypeScriptParserMixin.parseImportSourceAndAttributes (D:\Learning\Javaaa\Learn_Backend\Spring_WebFlux\appp\social_media_FE\node_modules\@babel\parser\lib\index.js:14266:24)
      at TypeScriptParserMixin.parseImportSpecifiersAndAfter (D:\Learning\Javaaa\Learn_Backend\Spring_WebFlux\appp\social_media_FE\node_modules\@babel\parser\lib\index.js:14261:17)
      at TypeScriptParserMixin.parseImport (D:\Learning\Javaaa\Learn_Backend\Spring_WebFlux\appp\social_media_FE\node_modules\@babel\parser\lib\index.js:14252:17)
      at TypeScriptParserMixin.parseImport (D:\Learning\Javaaa\Learn_Backend\Spring_WebFlux\appp\social_media_FE\node_modules\@babel\parser\lib\index.js:9370:26)
      at TypeScriptParserMixin.parseStatementContent (D:\Learning\Javaaa\Learn_Backend\Spring_WebFlux\appp\social_media_FE\node_modules\@babel\parser\lib\index.js:12893:27)
      at TypeScriptParserMixin.parseStatementContent (D:\Learning\Javaaa\Learn_Backend\Spring_WebFlux\appp\social_media_FE\node_modules\@babel\parser\lib\index.js:9525:18)
      at TypeScriptParserMixin.parseStatementLike (D:\Learning\Javaaa\Learn_Backend\Spring_WebFlux\appp\social_media_FE\node_modules\@babel\parser\lib\index.js:12784:17)
      at TypeScriptParserMixin.parseModuleItem (D:\Learning\Javaaa\Learn_Backend\Spring_WebFlux\appp\social_media_FE\node_modules\@babel\parser\lib\index.js:12761:17)
      at TypeScriptParserMixin.parseBlockOrModuleBlockBody (D:\Learning\Javaaa\Learn_Backend\Spring_WebFlux\appp\social_media_FE\node_modules\@babel\parser\lib\index.js:13333:36)
      at TypeScriptParserMixin.parseBlockBody (D:\Learning\Javaaa\Learn_Backend\Spring_WebFlux\appp\social_media_FE\node_modules\@babel\parser\lib\index.js:13326:10)
      at TypeScriptParserMixin.parseProgram (D:\Learning\Javaaa\Learn_Backend\Spring_WebFlux\appp\social_media_FE\node_modules\@babel\parser\lib\index.js:12639:10)
      at TypeScriptParserMixin.parseTopLevel (D:\Learning\Javaaa\Learn_Backend\Spring_WebFlux\appp\social_media_FE\node_modules\@babel\parser\lib\index.js:12629:25)
      at TypeScriptParserMixin.parse (D:\Learning\Javaaa\Learn_Backend\Spring_WebFlux\appp\social_media_FE\node_modules\@babel\parser\lib\index.js:14505:25)
      at TypeScriptParserMixin.parse (D:\Learning\Javaaa\Learn_Backend\Spring_WebFlux\appp\social_media_FE\node_modules\@babel\parser\lib\index.js:10143:18)
      at parse (D:\Learning\Javaaa\Learn_Backend\Spring_WebFlux\appp\social_media_FE\node_modules\@babel\parser\lib\index.js:14539:38)
      at parser (D:\Learning\Javaaa\Learn_Backend\Spring_WebFlux\appp\social_media_FE\node_modules\@babel\core\lib\parser\index.js:41:34)
      at parser.next (<anonymous>)
      at normalizeFile (D:\Learning\Javaaa\Learn_Backend\Spring_WebFlux\appp\social_media_FE\node_modules\@babel\core\lib\transformation\normalize-file.js:51:37)
      at normalizeFile.next (<anonymous>)
      at run (D:\Learning\Javaaa\Learn_Backend\Spring_WebFlux\appp\social_media_FE\node_modules\@babel\core\lib\transformation\index.js:22:50)
      at run.next (<anonymous>)
      at transform (D:\Learning\Javaaa\Learn_Backend\Spring_WebFlux\appp\social_media_FE\node_modules\@babel\core\lib\transform.js:22:33)
      at transform.next (<anonymous>)
      at step (D:\Learning\Javaaa\Learn_Backend\Spring_WebFlux\appp\social_media_FE\node_modules\gensync\index.js:261:32)
      at D:\Learning\Javaaa\Learn_Backend\Spring_WebFlux\appp\social_media_FE\node_modules\gensync\index.js:273:13
      at async.call.result.err.err (D:\Learning\Javaaa\Learn_Backend\Spring_WebFlux\appp\social_media_FE\node_modules\gensync\index.js:223:11)
      at D:\Learning\Javaaa\Learn_Backend\Spring_WebFlux\appp\social_media_FE\node_modules\gensync\index.js:189:28
      at D:\Learning\Javaaa\Learn_Backend\Spring_WebFlux\appp\social_media_FE\node_modules\@babel\core\lib\gensync-utils\async.js:67:7
      at D:\Learning\Javaaa\Learn_Backend\Spring_WebFlux\appp\social_media_FE\node_modules\gensync\index.js:113:33
      at step (D:\Learning\Javaaa\Learn_Backend\Spring_WebFlux\appp\social_media_FE\node_modules\gensync\index.js:287:14)
      at D:\Learning\Javaaa\Learn_Backend\Spring_WebFlux\appp\social_media_FE\node_modules\gensync\index.js:273:13
      at async.call.result.err.err (D:\Learning\Javaaa\Learn_Backend\Spring_WebFlux\appp\social_media_FE\node_modules\gensync\index.js:223:11)
[2m02:01:00[22m [31m[1m[vite][22m[39m Pre-transform error: D:\Learning\Javaaa\Learn_Backend\Spring_WebFlux\appp\social_media_FE\src\main.tsx: Unexpected token (1:18)

[0m[31m[1m>[22m[39m[90m 1 |[39m [36mimport[39m [33mReact[39m [36mfrom[39m react[33m;[39m
 [90m   |[39m                   [31m[1m^[22m[39m
 [90m 2 |[39m [36mimport[39m [33mReactDOM[39m [36mfrom[39m react[33m-[39mdom[33m/[39mclient[33m;[39m
 [90m 3 |[39m [36mimport[39m [33mApp[39m [36mfrom[39m [33m.[39m[33m/[39mapp[33m/[39m[33mApp[39m[33m;[39m
 [90m 4 |[39m [36mimport[39m [33m.[39m[33m/[39mshared[33m/[39mstyles[33m/[39mtokens[33m.[39mcss[33m;[39m[0m
  Plugin: [35mvite:react-babel[39m
  File: [36mD:/Learning/Javaaa/Learn_Backend/Spring_WebFlux/appp/social_media_FE/src/main.tsx[39m:1:18
[33m  1  |  import React from react;
     |                    ^
  2  |  import ReactDOM from react-dom/client;
  3  |  import App from ./app/App;[39m
[2m02:01:00[22m [31m[1m[vite][22m[39m [31mInternal server error: D:\Learning\Javaaa\Learn_Backend\Spring_WebFlux\appp\social_media_FE\src\main.tsx: Unexpected token (1:18)

[0m[31m[1m>[22m[31m[90m 1 |[31m [36mimport[31m [33mReact[31m [36mfrom[31m react[33m;[31m
 [90m   |[31m                   [31m[1m^[22m[31m
 [90m 2 |[31m [36mimport[31m [33mReactDOM[31m [36mfrom[31m react[33m-[31mdom[33m/[31mclient[33m;[31m
 [90m 3 |[31m [36mimport[31m [33mApp[31m [36mfrom[31m [33m.[31m[33m/[31mapp[33m/[31m[33mApp[31m[33m;[31m
 [90m 4 |[31m [36mimport[31m [33m.[31m[33m/[31mshared[33m/[31mstyles[33m/[31mtokens[33m.[31mcss[33m;[31m[0m[39m
  Plugin: [35mvite:react-babel[39m
  File: [36mD:/Learning/Javaaa/Learn_Backend/Spring_WebFlux/appp/social_media_FE/src/main.tsx[39m:1:18
[33m  1  |  import React from react;
     |                    ^
  2  |  import ReactDOM from react-dom/client;
  3  |  import App from ./app/App;[39m
      at constructor (D:\Learning\Javaaa\Learn_Backend\Spring_WebFlux\appp\social_media_FE\node_modules\@babel\parser\lib\index.js:365:19)
      at TypeScriptParserMixin.raise (D:\Learning\Javaaa\Learn_Backend\Spring_WebFlux\appp\social_media_FE\node_modules\@babel\parser\lib\index.js:6616:19)
      at TypeScriptParserMixin.unexpected (D:\Learning\Javaaa\Learn_Backend\Spring_WebFlux\appp\social_media_FE\node_modules\@babel\parser\lib\index.js:6636:16)
      at TypeScriptParserMixin.parseImportSource (D:\Learning\Javaaa\Learn_Backend\Spring_WebFlux\appp\social_media_FE\node_modules\@babel\parser\lib\index.js:14275:32)
      at TypeScriptParserMixin.parseImportSourceAndAttributes (D:\Learning\Javaaa\Learn_Backend\Spring_WebFlux\appp\social_media_FE\node_modules\@babel\parser\lib\index.js:14266:24)
      at TypeScriptParserMixin.parseImportSpecifiersAndAfter (D:\Learning\Javaaa\Learn_Backend\Spring_WebFlux\appp\social_media_FE\node_modules\@babel\parser\lib\index.js:14261:17)
      at TypeScriptParserMixin.parseImport (D:\Learning\Javaaa\Learn_Backend\Spring_WebFlux\appp\social_media_FE\node_modules\@babel\parser\lib\index.js:14252:17)
      at TypeScriptParserMixin.parseImport (D:\Learning\Javaaa\Learn_Backend\Spring_WebFlux\appp\social_media_FE\node_modules\@babel\parser\lib\index.js:9370:26)
      at TypeScriptParserMixin.parseStatementContent (D:\Learning\Javaaa\Learn_Backend\Spring_WebFlux\appp\social_media_FE\node_modules\@babel\parser\lib\index.js:12893:27)
      at TypeScriptParserMixin.parseStatementContent (D:\Learning\Javaaa\Learn_Backend\Spring_WebFlux\appp\social_media_FE\node_modules\@babel\parser\lib\index.js:9525:18)
      at TypeScriptParserMixin.parseStatementLike (D:\Learning\Javaaa\Learn_Backend\Spring_WebFlux\appp\social_media_FE\node_modules\@babel\parser\lib\index.js:12784:17)
      at TypeScriptParserMixin.parseModuleItem (D:\Learning\Javaaa\Learn_Backend\Spring_WebFlux\appp\social_media_FE\node_modules\@babel\parser\lib\index.js:12761:17)
      at TypeScriptParserMixin.parseBlockOrModuleBlockBody (D:\Learning\Javaaa\Learn_Backend\Spring_WebFlux\appp\social_media_FE\node_modules\@babel\parser\lib\index.js:13333:36)
      at TypeScriptParserMixin.parseBlockBody (D:\Learning\Javaaa\Learn_Backend\Spring_WebFlux\appp\social_media_FE\node_modules\@babel\parser\lib\index.js:13326:10)
      at TypeScriptParserMixin.parseProgram (D:\Learning\Javaaa\Learn_Backend\Spring_WebFlux\appp\social_media_FE\node_modules\@babel\parser\lib\index.js:12639:10)
      at TypeScriptParserMixin.parseTopLevel (D:\Learning\Javaaa\Learn_Backend\Spring_WebFlux\appp\social_media_FE\node_modules\@babel\parser\lib\index.js:12629:25)
      at TypeScriptParserMixin.parse (D:\Learning\Javaaa\Learn_Backend\Spring_WebFlux\appp\social_media_FE\node_modules\@babel\parser\lib\index.js:14505:25)
      at TypeScriptParserMixin.parse (D:\Learning\Javaaa\Learn_Backend\Spring_WebFlux\appp\social_media_FE\node_modules\@babel\parser\lib\index.js:10143:18)
      at parse (D:\Learning\Javaaa\Learn_Backend\Spring_WebFlux\appp\social_media_FE\node_modules\@babel\parser\lib\index.js:14539:38)
      at parser (D:\Learning\Javaaa\Learn_Backend\Spring_WebFlux\appp\social_media_FE\node_modules\@babel\core\lib\parser\index.js:41:34)
      at parser.next (<anonymous>)
      at normalizeFile (D:\Learning\Javaaa\Learn_Backend\Spring_WebFlux\appp\social_media_FE\node_modules\@babel\core\lib\transformation\normalize-file.js:51:37)
      at normalizeFile.next (<anonymous>)
      at run (D:\Learning\Javaaa\Learn_Backend\Spring_WebFlux\appp\social_media_FE\node_modules\@babel\core\lib\transformation\index.js:22:50)
      at run.next (<anonymous>)
      at transform (D:\Learning\Javaaa\Learn_Backend\Spring_WebFlux\appp\social_media_FE\node_modules\@babel\core\lib\transform.js:22:33)
      at transform.next (<anonymous>)
      at step (D:\Learning\Javaaa\Learn_Backend\Spring_WebFlux\appp\social_media_FE\node_modules\gensync\index.js:261:32)
      at D:\Learning\Javaaa\Learn_Backend\Spring_WebFlux\appp\social_media_FE\node_modules\gensync\index.js:273:13
      at async.call.result.err.err (D:\Learning\Javaaa\Learn_Backend\Spring_WebFlux\appp\social_media_FE\node_modules\gensync\index.js:223:11)
      at D:\Learning\Javaaa\Learn_Backend\Spring_WebFlux\appp\social_media_FE\node_modules\gensync\index.js:189:28
      at D:\Learning\Javaaa\Learn_Backend\Spring_WebFlux\appp\social_media_FE\node_modules\@babel\core\lib\gensync-utils\async.js:67:7
      at D:\Learning\Javaaa\Learn_Backend\Spring_WebFlux\appp\social_media_FE\node_modules\gensync\index.js:113:33
      at step (D:\Learning\Javaaa\Learn_Backend\Spring_WebFlux\appp\social_media_FE\node_modules\gensync\index.js:287:14)
      at D:\Learning\Javaaa\Learn_Backend\Spring_WebFlux\appp\social_media_FE\node_modules\gensync\index.js:273:13
      at async.call.result.err.err (D:\Learning\Javaaa\Learn_Backend\Spring_WebFlux\appp\social_media_FE\node_modules\gensync\index.js:223:11)
[2m03:20:46[22m [31m[1m[vite][22m[39m [31m[2m(client)[22m[39m Pre-transform error: Failed to load url /src/notifications/index.ts (resolved id: D:/Learning/Javaaa/Learn_Backend/Spring_WebFlux/appp/social_media_FE/src/notifications/index.ts) in D:/Learning/Javaaa/Learn_Backend/Spring_WebFlux/appp/social_media_FE/src/pushNotifications.ts. Does the file exist?
[2m03:20:46[22m [31m[1m[vite][22m[39m [31m[2m(client)[22m[39m Pre-transform error: Failed to load url /src/notifications/index.ts (resolved id: D:/Learning/Javaaa/Learn_Backend/Spring_WebFlux/appp/social_media_FE/src/notifications/index.ts) in D:/Learning/Javaaa/Learn_Backend/Spring_WebFlux/appp/social_media_FE/src/pushNotifications.ts. Does the file exist?
[2m03:20:46[22m [31m[1m[vite][22m[39m [31m[2m(client)[22m[39m Pre-transform error: Failed to load url /src/notifications/index.ts (resolved id: D:/Learning/Javaaa/Learn_Backend/Spring_WebFlux/appp/social_media_FE/src/notifications/index.ts) in D:/Learning/Javaaa/Learn_Backend/Spring_WebFlux/appp/social_media_FE/src/pushNotifications.ts. Does the file exist?
[2m03:56:58[22m [31m[1m[vite][22m[39m [31mInternal server error: Duplicate declaration "Navigation"
[0m [90m 1009 |[31m [36mfunction[31m passwordStrength(value[33m:[31m string) { [36mlet[31m score [33m=[31m [35m0[31m[33m;[31m [36mif[31m (value[33m.[31mlength [33m>=[31m [35m8[31m) score[33m++[31m[33m;[31m [36mif[31m ([35m/[A-Z]/[31m[33m.[31mtest(value) [33m&&[31m [35m/[a-z]/[31m[33m.[31mtest(value)) score[33m++[31m[33m;[31m [36mif[31m ([35m/\d/[31m[33m.[31mtest(value)) score[33m++[31m[33m;[31m [36mif[31m ([35m/[^A-Za-z0-9]/[31m[33m.[31mtest(value)) score[33m++[31m[33m;[31m [36mconst[31m label [33m=[31m score [33m<=[31m [35m1[31m [33m?[31m [32m"Weak"[31m [33m:[31m score [33m===[31m [35m2[31m [33m?[31m [32m"Fair"[31m [33m:[31m score [33m===[31m [35m3[31m [33m?[31m [32m"Good"[31m [33m:[31m [32m"Strong"[31m[33m;[31m [36mreturn[31m { score[33m,[31m label }[33m;[31m }
 [90m 1010 |[31m [36mfunction[31m [33mPasswordMeter[31m({ result }[33m:[31m { result[33m:[31m { score[33m:[31m number[33m;[31m label[33m:[31m string } }) { [36mreturn[31m [33m<[31m[33mdiv[31m className[33m=[31m[32m"password-meter"[31m[33m>[31m[33m<[31m[33mspan[31m[33m>[31m[33m<[31m[33mi[31m style[33m=[31m{{ width[33m:[31m [32m`${Math.max(12, result.score * 25)}%`[31m }} [33m/[31m[33m>[31m[33m<[31m[33m/[31m[33mspan[31m[33m>[31m[33m<[31m[33msmall[31m[33m>[31m{result[33m.[31mlabel}[33m<[31m[33m/[31m[33msmall[31m[33m>[31m[33m<[31m[33m/[31m[33mdiv[31m[33m>[31m[33m;[31m }
[31m[1m>[22m[31m[90m 1011 |[31m [36mfunction[31m [33mNavigation[31m({ active[33m,[31m chatUnreadCount[33m,[31m onNavigate[33m,[31m onReloadHome[33m,[31m onLogout }[33m:[31m { active[33m:[31m [33mViewKey[31m[33m;[31m chatUnreadCount[33m:[31m number[33m;[31m onNavigate[33m:[31m (view[33m:[31m [33mViewKey[31m) [33m=>[31m [36mvoid[31m[33m;[31m onReloadHome[33m:[31m () [33m=>[31m [36mvoid[31m[33m;[31m onLogout[33m:[31m () [33m=>[31m [36mvoid[31m }) { [36mreturn[31m [33m<[31m[33mnav[31m className[33m=[31m[32m"nav-rail"[31m aria[33m-[31mlabel[33m=[31m[32m"Main navigation"[31m[33m>[31m[33m<[31m[33mdiv[31m className[33m=[31m[32m"nav-list"[31m[33m>[31m{navItems[33m.[31mmap((item) [33m=>[31m { [36mconst[31m [33mIcon[31m [33m=[31m item[33m.[31micon[33m;[31m [36mreturn[31m [33m<[31m[33mbutton[31m key[33m=[31m{item[33m.[31mid} className[33m=[31m{active [33m===[31m item[33m.[31mid [33m?[31m [32m"nav-item active"[31m [33m:[31m [32m"nav-item"[31m} onClick[33m=[31m{item[33m.[31mid [33m===[31m [32m"home"[31m [33m?[31m onReloadHome [33m:[31m () [33m=>[31m onNavigate(item[33m.[31mid)} title[33m=[31m{item[33m.[31mlabel} aria[33m-[31mlabel[33m=[31m{item[33m.[31mlabel}[33m>[31m[33m<[31m[33mi[31m className[33m=[31m[32m"nav-icon-wrap"[31m[33m>[31m[33m<[31m[33mIcon[31m size[33m=[31m{[35m20[31m} [33m/[31m[33m>[31m{item[33m.[31mid [33m===[31m [32m"chat"[31m [33m&&[31m chatUnreadCount [33m>[31m [35m0[31m [33m&&[31m [33m<[31m[33mem[31m className[33m=[31m[32m"nav-unread-badge"[31m[33m>[31m{chatUnreadCount [33m>[31m [35m99[31m [33m?[31m [32m"99+"[31m [33m:[31m chatUnreadCount}[33m<[31m[33m/[31m[33mem[31m[33m>[31m}[33m<[31m[33m/[31m[33mi[31m[33m>[31m[33m<[31m[33mspan[31m[33m>[31m{item[33m.[31mlabel}[33m<[31m[33m/[31m[33mspan[31m[33m>[31m[33m<[31m[33m/[31m[33mbutton[31m[33m>[31m[33m;[31m })}[33m<[31m[35m/div><button className="nav-item compact logout-nav" onClick={onLogout} title="Logout" aria-label="Logout"><LogOut size={20} /[31m[33m>[31m[33m<[31m[33mspan[31m[33m>[31m[33mLogout[31m[33m<[31m[33m/[31m[33mspan[31m[33m>[31m[33m<[31m[33m/[31m[33mbutton[31m[33m>[31m[33m<[31m[33m/[31m[33mnav[31m[33m>[31m[33m;[31m }
 [90m      |[31m          [31m[1m^[22m[31m[31m[1m^[22m[31m[31m[1m^[22m[31m[31m[1m^[22m[31m[31m[1m^[22m[31m[31m[1m^[22m[31m[31m[1m^[22m[31m[31m[1m^[22m[31m[31m[1m^[22m[31m[31m[1m^[22m[31m
 [90m 1012 |[31m [36mfunction[31m [33mMobileNav[31m({ active[33m,[31m onNavigate }[33m:[31m { active[33m:[31m [33mViewKey[31m[33m;[31m onNavigate[33m:[31m (view[33m:[31m [33mViewKey[31m) [33m=>[31m [36mvoid[31m }) { [36mreturn[31m [33m<[31m[33mnav[31m className[33m=[31m[32m"mobile-nav"[31m aria[33m-[31mlabel[33m=[31m[32m"Mobile navigation"[31m[33m>[31m{navItems[33m.[31mslice([35m0[31m[33m,[31m [35m5[31m)[33m.[31mmap((item) [33m=>[31m { [36mconst[31m [33mIcon[31m [33m=[31m item[33m.[31micon[33m;[31m [36mreturn[31m [33m<[31m[33mbutton[31m key[33m=[31m{item[33m.[31mid} className[33m=[31m{active [33m===[31m item[33m.[31mid [33m?[31m [32m"active"[31m [33m:[31m [32m""[31m} onClick[33m=[31m{() [33m=>[31m onNavigate(item[33m.[31mid)} aria[33m-[31mlabel[33m=[31m{item[33m.[31mlabel}[33m>[31m[33m<[31m[33mIcon[31m size[33m=[31m{[35m21[31m} [33m/[31m[33m>[31m[33m<[31m[33m/[31m[33mbutton[31m[33m>[31m[33m;[31m })}[33m<[31m[33m/[31m[33mnav[31m[33m>[31m[33m;[31m }
 [90m 1013 |[31m [36mfunction[31m [33mInlineError[31m({ message[33m,[31m onRetry }[33m:[31m { message[33m:[31m string[33m;[31m onRetry[33m:[31m () [33m=>[31m [36mvoid[31m }) { [36mreturn[31m [33m<[31m[33mdiv[31m className[33m=[31m[32m"inline-error"[31m[33m>[31m[33m<[31m[33mspan[31m[33m>[31m{message}[33m<[31m[33m/[31m[33mspan[31m[33m>[31m[33m<[31m[33mbutton[31m onClick[33m=[31m{onRetry}[33m>[31m[33mRetry[31m[33m<[31m[33m/[31m[33mbutton[31m[33m>[31m[33m<[31m[33m/[31m[33mdiv[31m[33m>[31m[33m;[31m }
 [90m 1014 |[31m [36mfunction[31m [33mHomeScreen[31m(props[33m:[31m { userId[33m:[31m string[33m;[31m tab[33m:[31m [32m"DISCOVER"[31m [33m|[31m [32m"FRIENDS"[31m[33m;[31m setTab[33m:[31m (tab[33m:[31m [32m"DISCOVER"[31m [33m|[31m [32m"FRIENDS"[31m) [33m=>[31m [36mvoid[31m[33m;[31m stories[33m:[31m [33mStoryItem[31m[][33m;[31m posts[33m:[31m [33mPost[31m[][33m;[31m status[33m:[31m [33mLoadState[31m[33m;[31m hasMore[33m:[31m boolean[33m;[31m loadingMore[33m:[31m boolean[33m;[31m onLoadMore[33m:[31m () [33m=>[31m [33mPromise[31m[33m<[31m[36mvoid[31m[33m>[31m[33m;[31m onSelectPost[33m:[31m (post[33m:[31m [33mPost[31m) [33m=>[31m [36mvoid[31m[33m;[31m onCreateStory[33m:[31m () [33m=>[31m [36mvoid[31m[33m;[31m onSelectStory[33m:[31m (story[33m:[31m [33mStoryItem[31m) [33m=>[31m [36mvoid[31m[33m;[31m onTogglePost[33m:[31m (postId[33m:[31m string[33m,[31m key[33m:[31m [32m"liked"[31m [33m|[31m [32m"saved"[31m [33m|[31m [32m"reposted"[31m) [33m=>[31m [36mvoid[31m[33m;[31m onEditPost[33m:[31m (post[33m:[31m [33mPost[31m) [33m=>[31m [36mvoid[31m[33m;[31m onArchivePost[33m:[31m (post[33m:[31m [33mPost[31m) [33m=>[31m [33mPromise[31m[33m<[31m[36mvoid[31m[33m>[31m[33m;[31m onOpenProfile[33m:[31m (userId[33m:[31m string) [33m=>[31m [33mPromise[31m[33m<[31m[36mvoid[31m[33m>[31m }) {[0m[39m
  Plugin: [35mvite:react-babel[39m
  File: [36mD:/Learning/Javaaa/Learn_Backend/Spring_WebFlux/appp/social_media_FE/src/App.tsx[39m
      at File.buildCodeFrameError (D:\Learning\Javaaa\Learn_Backend\Spring_WebFlux\appp\social_media_FE\node_modules\@babel\core\lib\transformation\file\file.js:189:12)
      at Scope.checkBlockScopedCollisions (D:\Learning\Javaaa\Learn_Backend\Spring_WebFlux\appp\social_media_FE\node_modules\@babel\traverse\lib\scope\index.js:433:27)
      at Scope.registerBinding (D:\Learning\Javaaa\Learn_Backend\Spring_WebFlux\appp\social_media_FE\node_modules\@babel\traverse\lib\scope\index.js:530:16)
      at Scope.registerDeclaration (D:\Learning\Javaaa\Learn_Backend\Spring_WebFlux\appp\social_media_FE\node_modules\@babel\traverse\lib\scope\index.js:475:12)
      at Object.BlockScoped (D:\Learning\Javaaa\Learn_Backend\Spring_WebFlux\appp\social_media_FE\node_modules\@babel\traverse\lib\scope\index.js:276:12)
      at Object.newFn (D:\Learning\Javaaa\Learn_Backend\Spring_WebFlux\appp\social_media_FE\node_modules\@babel\traverse\lib\visitors.js:203:17)
      at NodePath._call (D:\Learning\Javaaa\Learn_Backend\Spring_WebFlux\appp\social_media_FE\node_modules\@babel\traverse\lib\path\context.js:50:20)
      at NodePath.call (D:\Learning\Javaaa\Learn_Backend\Spring_WebFlux\appp\social_media_FE\node_modules\@babel\traverse\lib\path\context.js:40:18)
      at NodePath.visit (D:\Learning\Javaaa\Learn_Backend\Spring_WebFlux\appp\social_media_FE\node_modules\@babel\traverse\lib\path\context.js:87:31)
      at TraversalContext.visitQueue (D:\Learning\Javaaa\Learn_Backend\Spring_WebFlux\appp\social_media_FE\node_modules\@babel\traverse\lib\context.js:96:16)
      at TraversalContext.visitMultiple (D:\Learning\Javaaa\Learn_Backend\Spring_WebFlux\appp\social_media_FE\node_modules\@babel\traverse\lib\context.js:68:17)
      at TraversalContext.visit (D:\Learning\Javaaa\Learn_Backend\Spring_WebFlux\appp\social_media_FE\node_modules\@babel\traverse\lib\context.js:117:19)
      at traverseNode (D:\Learning\Javaaa\Learn_Backend\Spring_WebFlux\appp\social_media_FE\node_modules\@babel\traverse\lib\traverse-node.js:130:17)
      at traverse (D:\Learning\Javaaa\Learn_Backend\Spring_WebFlux\appp\social_media_FE\node_modules\@babel\traverse\lib\index.js:53:34)
      at NodePath.traverse (D:\Learning\Javaaa\Learn_Backend\Spring_WebFlux\appp\social_media_FE\node_modules\@babel\traverse\lib\path\index.js:120:24)
      at Scope.crawl (D:\Learning\Javaaa\Learn_Backend\Spring_WebFlux\appp\social_media_FE\node_modules\@babel\traverse\lib\scope\index.js:695:10)
      at Scope.init (D:\Learning\Javaaa\Learn_Backend\Spring_WebFlux\appp\social_media_FE\node_modules\@babel\traverse\lib\scope\index.js:661:12)
      at NodePath.setScope (D:\Learning\Javaaa\Learn_Backend\Spring_WebFlux\appp\social_media_FE\node_modules\@babel\traverse\lib\path\context.js:139:55)
      at NodePath.setContext (D:\Learning\Javaaa\Learn_Backend\Spring_WebFlux\appp\social_media_FE\node_modules\@babel\traverse\lib\path\context.js:151:12)
      at new File (D:\Learning\Javaaa\Learn_Backend\Spring_WebFlux\appp\social_media_FE\node_modules\@babel\core\lib\transformation\file\file.js:80:8)
      at normalizeFile (D:\Learning\Javaaa\Learn_Backend\Spring_WebFlux\appp\social_media_FE\node_modules\@babel\core\lib\transformation\normalize-file.js:82:10)
      at normalizeFile.next (<anonymous>)
      at run (D:\Learning\Javaaa\Learn_Backend\Spring_WebFlux\appp\social_media_FE\node_modules\@babel\core\lib\transformation\index.js:22:50)
      at run.next (<anonymous>)
      at transform (D:\Learning\Javaaa\Learn_Backend\Spring_WebFlux\appp\social_media_FE\node_modules\@babel\core\lib\transform.js:22:33)
      at transform.next (<anonymous>)
      at step (D:\Learning\Javaaa\Learn_Backend\Spring_WebFlux\appp\social_media_FE\node_modules\gensync\index.js:261:32)
      at D:\Learning\Javaaa\Learn_Backend\Spring_WebFlux\appp\social_media_FE\node_modules\gensync\index.js:273:13
      at async.call.result.err.err (D:\Learning\Javaaa\Learn_Backend\Spring_WebFlux\appp\social_media_FE\node_modules\gensync\index.js:223:11)
      at D:\Learning\Javaaa\Learn_Backend\Spring_WebFlux\appp\social_media_FE\node_modules\gensync\index.js:189:28
      at D:\Learning\Javaaa\Learn_Backend\Spring_WebFlux\appp\social_media_FE\node_modules\@babel\core\lib\gensync-utils\async.js:67:7
      at D:\Learning\Javaaa\Learn_Backend\Spring_WebFlux\appp\social_media_FE\node_modules\gensync\index.js:113:33
      at step (D:\Learning\Javaaa\Learn_Backend\Spring_WebFlux\appp\social_media_FE\node_modules\gensync\index.js:287:14)
      at D:\Learning\Javaaa\Learn_Backend\Spring_WebFlux\appp\social_media_FE\node_modules\gensync\index.js:273:13
      at async.call.result.err.err (D:\Learning\Javaaa\Learn_Backend\Spring_WebFlux\appp\social_media_FE\node_modules\gensync\index.js:223:11)
[2m03:56:58[22m [31m[1m[vite][22m[39m [31mInternal server error: Duplicate declaration "Navigation"
[0m [90m 1009 |[31m [36mfunction[31m passwordStrength(value[33m:[31m string) { [36mlet[31m score [33m=[31m [35m0[31m[33m;[31m [36mif[31m (value[33m.[31mlength [33m>=[31m [35m8[31m) score[33m++[31m[33m;[31m [36mif[31m ([35m/[A-Z]/[31m[33m.[31mtest(value) [33m&&[31m [35m/[a-z]/[31m[33m.[31mtest(value)) score[33m++[31m[33m;[31m [36mif[31m ([35m/\d/[31m[33m.[31mtest(value)) score[33m++[31m[33m;[31m [36mif[31m ([35m/[^A-Za-z0-9]/[31m[33m.[31mtest(value)) score[33m++[31m[33m;[31m [36mconst[31m label [33m=[31m score [33m<=[31m [35m1[31m [33m?[31m [32m"Weak"[31m [33m:[31m score [33m===[31m [35m2[31m [33m?[31m [32m"Fair"[31m [33m:[31m score [33m===[31m [35m3[31m [33m?[31m [32m"Good"[31m [33m:[31m [32m"Strong"[31m[33m;[31m [36mreturn[31m { score[33m,[31m label }[33m;[31m }
 [90m 1010 |[31m [36mfunction[31m [33mPasswordMeter[31m({ result }[33m:[31m { result[33m:[31m { score[33m:[31m number[33m;[31m label[33m:[31m string } }) { [36mreturn[31m [33m<[31m[33mdiv[31m className[33m=[31m[32m"password-meter"[31m[33m>[31m[33m<[31m[33mspan[31m[33m>[31m[33m<[31m[33mi[31m style[33m=[31m{{ width[33m:[31m [32m`${Math.max(12, result.score * 25)}%`[31m }} [33m/[31m[33m>[31m[33m<[31m[33m/[31m[33mspan[31m[33m>[31m[33m<[31m[33msmall[31m[33m>[31m{result[33m.[31mlabel}[33m<[31m[33m/[31m[33msmall[31m[33m>[31m[33m<[31m[33m/[31m[33mdiv[31m[33m>[31m[33m;[31m }
[31m[1m>[22m[31m[90m 1011 |[31m [36mfunction[31m [33mNavigation[31m({ active[33m,[31m chatUnreadCount[33m,[31m onNavigate[33m,[31m onReloadHome[33m,[31m onLogout }[33m:[31m { active[33m:[31m [33mViewKey[31m[33m;[31m chatUnreadCount[33m:[31m number[33m;[31m onNavigate[33m:[31m (view[33m:[31m [33mViewKey[31m) [33m=>[31m [36mvoid[31m[33m;[31m onReloadHome[33m:[31m () [33m=>[31m [36mvoid[31m[33m;[31m onLogout[33m:[31m () [33m=>[31m [36mvoid[31m }) { [36mreturn[31m [33m<[31m[33mnav[31m className[33m=[31m[32m"nav-rail"[31m aria[33m-[31mlabel[33m=[31m[32m"Main navigation"[31m[33m>[31m[33m<[31m[33mdiv[31m className[33m=[31m[32m"nav-list"[31m[33m>[31m{navItems[33m.[31mmap((item) [33m=>[31m { [36mconst[31m [33mIcon[31m [33m=[31m item[33m.[31micon[33m;[31m [36mreturn[31m [33m<[31m[33mbutton[31m key[33m=[31m{item[33m.[31mid} className[33m=[31m{active [33m===[31m item[33m.[31mid [33m?[31m [32m"nav-item active"[31m [33m:[31m [32m"nav-item"[31m} onClick[33m=[31m{item[33m.[31mid [33m===[31m [32m"home"[31m [33m?[31m onReloadHome [33m:[31m () [33m=>[31m onNavigate(item[33m.[31mid)} title[33m=[31m{item[33m.[31mlabel} aria[33m-[31mlabel[33m=[31m{item[33m.[31mlabel}[33m>[31m[33m<[31m[33mi[31m className[33m=[31m[32m"nav-icon-wrap"[31m[33m>[31m[33m<[31m[33mIcon[31m size[33m=[31m{[35m20[31m} [33m/[31m[33m>[31m{item[33m.[31mid [33m===[31m [32m"chat"[31m [33m&&[31m chatUnreadCount [33m>[31m [35m0[31m [33m&&[31m [33m<[31m[33mem[31m className[33m=[31m[32m"nav-unread-badge"[31m[33m>[31m{chatUnreadCount [33m>[31m [35m99[31m [33m?[31m [32m"99+"[31m [33m:[31m chatUnreadCount}[33m<[31m[33m/[31m[33mem[31m[33m>[31m}[33m<[31m[33m/[31m[33mi[31m[33m>[31m[33m<[31m[33mspan[31m[33m>[31m{item[33m.[31mlabel}[33m<[31m[33m/[31m[33mspan[31m[33m>[31m[33m<[31m[33m/[31m[33mbutton[31m[33m>[31m[33m;[31m })}[33m<[31m[35m/div><button className="nav-item compact logout-nav" onClick={onLogout} title="Logout" aria-label="Logout"><LogOut size={20} /[31m[33m>[31m[33m<[31m[33mspan[31m[33m>[31m[33mLogout[31m[33m<[31m[33m/[31m[33mspan[31m[33m>[31m[33m<[31m[33m/[31m[33mbutton[31m[33m>[31m[33m<[31m[33m/[31m[33mnav[31m[33m>[31m[33m;[31m }
 [90m      |[31m          [31m[1m^[22m[31m[31m[1m^[22m[31m[31m[1m^[22m[31m[31m[1m^[22m[31m[31m[1m^[22m[31m[31m[1m^[22m[31m[31m[1m^[22m[31m[31m[1m^[22m[31m[31m[1m^[22m[31m[31m[1m^[22m[31m
 [90m 1012 |[31m [36mfunction[31m [33mMobileNav[31m({ active[33m,[31m onNavigate }[33m:[31m { active[33m:[31m [33mViewKey[31m[33m;[31m onNavigate[33m:[31m (view[33m:[31m [33mViewKey[31m) [33m=>[31m [36mvoid[31m }) { [36mreturn[31m [33m<[31m[33mnav[31m className[33m=[31m[32m"mobile-nav"[31m aria[33m-[31mlabel[33m=[31m[32m"Mobile navigation"[31m[33m>[31m{navItems[33m.[31mslice([35m0[31m[33m,[31m [35m5[31m)[33m.[31mmap((item) [33m=>[31m { [36mconst[31m [33mIcon[31m [33m=[31m item[33m.[31micon[33m;[31m [36mreturn[31m [33m<[31m[33mbutton[31m key[33m=[31m{item[33m.[31mid} className[33m=[31m{active [33m===[31m item[33m.[31mid [33m?[31m [32m"active"[31m [33m:[31m [32m""[31m} onClick[33m=[31m{() [33m=>[31m onNavigate(item[33m.[31mid)} aria[33m-[31mlabel[33m=[31m{item[33m.[31mlabel}[33m>[31m[33m<[31m[33mIcon[31m size[33m=[31m{[35m21[31m} [33m/[31m[33m>[31m[33m<[31m[33m/[31m[33mbutton[31m[33m>[31m[33m;[31m })}[33m<[31m[33m/[31m[33mnav[31m[33m>[31m[33m;[31m }
 [90m 1013 |[31m [36mfunction[31m [33mInlineError[31m({ message[33m,[31m onRetry }[33m:[31m { message[33m:[31m string[33m;[31m onRetry[33m:[31m () [33m=>[31m [36mvoid[31m }) { [36mreturn[31m [33m<[31m[33mdiv[31m className[33m=[31m[32m"inline-error"[31m[33m>[31m[33m<[31m[33mspan[31m[33m>[31m{message}[33m<[31m[33m/[31m[33mspan[31m[33m>[31m[33m<[31m[33mbutton[31m onClick[33m=[31m{onRetry}[33m>[31m[33mRetry[31m[33m<[31m[33m/[31m[33mbutton[31m[33m>[31m[33m<[31m[33m/[31m[33mdiv[31m[33m>[31m[33m;[31m }
 [90m 1014 |[31m [36mfunction[31m [33mHomeScreen[31m(props[33m:[31m { userId[33m:[31m string[33m;[31m tab[33m:[31m [32m"DISCOVER"[31m [33m|[31m [32m"FRIENDS"[31m[33m;[31m setTab[33m:[31m (tab[33m:[31m [32m"DISCOVER"[31m [33m|[31m [32m"FRIENDS"[31m) [33m=>[31m [36mvoid[31m[33m;[31m stories[33m:[31m [33mStoryItem[31m[][33m;[31m posts[33m:[31m [33mPost[31m[][33m;[31m status[33m:[31m [33mLoadState[31m[33m;[31m hasMore[33m:[31m boolean[33m;[31m loadingMore[33m:[31m boolean[33m;[31m onLoadMore[33m:[31m () [33m=>[31m [33mPromise[31m[33m<[31m[36mvoid[31m[33m>[31m[33m;[31m onSelectPost[33m:[31m (post[33m:[31m [33mPost[31m) [33m=>[31m [36mvoid[31m[33m;[31m onCreateStory[33m:[31m () [33m=>[31m [36mvoid[31m[33m;[31m onSelectStory[33m:[31m (story[33m:[31m [33mStoryItem[31m) [33m=>[31m [36mvoid[31m[33m;[31m onTogglePost[33m:[31m (postId[33m:[31m string[33m,[31m key[33m:[31m [32m"liked"[31m [33m|[31m [32m"saved"[31m [33m|[31m [32m"reposted"[31m) [33m=>[31m [36mvoid[31m[33m;[31m onEditPost[33m:[31m (post[33m:[31m [33mPost[31m) [33m=>[31m [36mvoid[31m[33m;[31m onArchivePost[33m:[31m (post[33m:[31m [33mPost[31m) [33m=>[31m [33mPromise[31m[33m<[31m[36mvoid[31m[33m>[31m[33m;[31m onOpenProfile[33m:[31m (userId[33m:[31m string) [33m=>[31m [33mPromise[31m[33m<[31m[36mvoid[31m[33m>[31m }) {[0m[39m
  Plugin: [35mvite:react-babel[39m
  File: [36mD:/Learning/Javaaa/Learn_Backend/Spring_WebFlux/appp/social_media_FE/src/App.tsx[39m
      at File.buildCodeFrameError (D:\Learning\Javaaa\Learn_Backend\Spring_WebFlux\appp\social_media_FE\node_modules\@babel\core\lib\transformation\file\file.js:189:12)
      at Scope.checkBlockScopedCollisions (D:\Learning\Javaaa\Learn_Backend\Spring_WebFlux\appp\social_media_FE\node_modules\@babel\traverse\lib\scope\index.js:433:27)
      at Scope.registerBinding (D:\Learning\Javaaa\Learn_Backend\Spring_WebFlux\appp\social_media_FE\node_modules\@babel\traverse\lib\scope\index.js:530:16)
      at Scope.registerDeclaration (D:\Learning\Javaaa\Learn_Backend\Spring_WebFlux\appp\social_media_FE\node_modules\@babel\traverse\lib\scope\index.js:475:12)
      at Object.BlockScoped (D:\Learning\Javaaa\Learn_Backend\Spring_WebFlux\appp\social_media_FE\node_modules\@babel\traverse\lib\scope\index.js:276:12)
      at Object.newFn (D:\Learning\Javaaa\Learn_Backend\Spring_WebFlux\appp\social_media_FE\node_modules\@babel\traverse\lib\visitors.js:203:17)
      at NodePath._call (D:\Learning\Javaaa\Learn_Backend\Spring_WebFlux\appp\social_media_FE\node_modules\@babel\traverse\lib\path\context.js:50:20)
      at NodePath.call (D:\Learning\Javaaa\Learn_Backend\Spring_WebFlux\appp\social_media_FE\node_modules\@babel\traverse\lib\path\context.js:40:18)
      at NodePath.visit (D:\Learning\Javaaa\Learn_Backend\Spring_WebFlux\appp\social_media_FE\node_modules\@babel\traverse\lib\path\context.js:87:31)
      at TraversalContext.visitQueue (D:\Learning\Javaaa\Learn_Backend\Spring_WebFlux\appp\social_media_FE\node_modules\@babel\traverse\lib\context.js:96:16)
      at TraversalContext.visitMultiple (D:\Learning\Javaaa\Learn_Backend\Spring_WebFlux\appp\social_media_FE\node_modules\@babel\traverse\lib\context.js:68:17)
      at TraversalContext.visit (D:\Learning\Javaaa\Learn_Backend\Spring_WebFlux\appp\social_media_FE\node_modules\@babel\traverse\lib\context.js:117:19)
      at traverseNode (D:\Learning\Javaaa\Learn_Backend\Spring_WebFlux\appp\social_media_FE\node_modules\@babel\traverse\lib\traverse-node.js:130:17)
      at traverse (D:\Learning\Javaaa\Learn_Backend\Spring_WebFlux\appp\social_media_FE\node_modules\@babel\traverse\lib\index.js:53:34)
      at NodePath.traverse (D:\Learning\Javaaa\Learn_Backend\Spring_WebFlux\appp\social_media_FE\node_modules\@babel\traverse\lib\path\index.js:120:24)
      at Scope.crawl (D:\Learning\Javaaa\Learn_Backend\Spring_WebFlux\appp\social_media_FE\node_modules\@babel\traverse\lib\scope\index.js:695:10)
      at Scope.init (D:\Learning\Javaaa\Learn_Backend\Spring_WebFlux\appp\social_media_FE\node_modules\@babel\traverse\lib\scope\index.js:661:12)
      at NodePath.setScope (D:\Learning\Javaaa\Learn_Backend\Spring_WebFlux\appp\social_media_FE\node_modules\@babel\traverse\lib\path\context.js:139:55)
      at NodePath.setContext (D:\Learning\Javaaa\Learn_Backend\Spring_WebFlux\appp\social_media_FE\node_modules\@babel\traverse\lib\path\context.js:151:12)
      at new File (D:\Learning\Javaaa\Learn_Backend\Spring_WebFlux\appp\social_media_FE\node_modules\@babel\core\lib\transformation\file\file.js:80:8)
      at normalizeFile (D:\Learning\Javaaa\Learn_Backend\Spring_WebFlux\appp\social_media_FE\node_modules\@babel\core\lib\transformation\normalize-file.js:82:10)
      at normalizeFile.next (<anonymous>)
      at run (D:\Learning\Javaaa\Learn_Backend\Spring_WebFlux\appp\social_media_FE\node_modules\@babel\core\lib\transformation\index.js:22:50)
      at run.next (<anonymous>)
      at transform (D:\Learning\Javaaa\Learn_Backend\Spring_WebFlux\appp\social_media_FE\node_modules\@babel\core\lib\transform.js:22:33)
      at transform.next (<anonymous>)
      at step (D:\Learning\Javaaa\Learn_Backend\Spring_WebFlux\appp\social_media_FE\node_modules\gensync\index.js:261:32)
      at D:\Learning\Javaaa\Learn_Backend\Spring_WebFlux\appp\social_media_FE\node_modules\gensync\index.js:273:13
      at async.call.result.err.err (D:\Learning\Javaaa\Learn_Backend\Spring_WebFlux\appp\social_media_FE\node_modules\gensync\index.js:223:11)
      at D:\Learning\Javaaa\Learn_Backend\Spring_WebFlux\appp\social_media_FE\node_modules\gensync\index.js:189:28
      at D:\Learning\Javaaa\Learn_Backend\Spring_WebFlux\appp\social_media_FE\node_modules\@babel\core\lib\gensync-utils\async.js:67:7
      at D:\Learning\Javaaa\Learn_Backend\Spring_WebFlux\appp\social_media_FE\node_modules\gensync\index.js:113:33
      at step (D:\Learning\Javaaa\Learn_Backend\Spring_WebFlux\appp\social_media_FE\node_modules\gensync\index.js:287:14)
      at D:\Learning\Javaaa\Learn_Backend\Spring_WebFlux\appp\social_media_FE\node_modules\gensync\index.js:273:13
      at async.call.result.err.err (D:\Learning\Javaaa\Learn_Backend\Spring_WebFlux\appp\social_media_FE\node_modules\gensync\index.js:223:11)
[2m03:56:58[22m [31m[1m[vite][22m[39m [31mInternal server error: Duplicate declaration "InlineError"
[0m [90m 1011 |[31m [36mfunction[31m [33mLegacyNavigation[31m({ active[33m,[31m chatUnreadCount[33m,[31m onNavigate[33m,[31m onReloadHome[33m,[31m onLogout }[33m:[31m { active[33m:[31m [33mViewKey[31m[33m;[31m chatUnreadCount[33m:[31m number[33m;[31m onNavigate[33m:[31m (view[33m:[31m [33mViewKey[31m) [33m=>[31m [36mvoid[31m[33m;[31m onReloadHome[33m:[31m () [33m=>[31m [36mvoid[31m[33m;[31m onLogout[33m:[31m () [33m=>[31m [36mvoid[31m }) { [36mreturn[31m [33m<[31m[33mnav[31m className[33m=[31m[32m"nav-rail"[31m aria[33m-[31mlabel[33m=[31m[32m"Main navigation"[31m[33m>[31m[33m<[31m[33mdiv[31m className[33m=[31m[32m"nav-list"[31m[33m>[31m{navItems[33m.[31mmap((item) [33m=>[31m { [36mconst[31m [33mIcon[31m [33m=[31m item[33m.[31micon[33m;[31m [36mreturn[31m [33m<[31m[33mbutton[31m key[33m=[31m{item[33m.[31mid} className[33m=[31m{active [33m===[31m item[33m.[31mid [33m?[31m [32m"nav-item active"[31m [33m:[31m [32m"nav-item"[31m} onClick[33m=[31m{item[33m.[31mid [33m===[31m [32m"home"[31m [33m?[31m onReloadHome [33m:[31m () [33m=>[31m onNavigate(item[33m.[31mid)} title[33m=[31m{item[33m.[31mlabel} aria[33m-[31mlabel[33m=[31m{item[33m.[31mlabel}[33m>[31m[33m<[31m[33mi[31m className[33m=[31m[32m"nav-icon-wrap"[31m[33m>[31m[33m<[31m[33mIcon[31m size[33m=[31m{[35m20[31m} [33m/[31m[33m>[31m{item[33m.[31mid [33m===[31m [32m"chat"[31m [33m&&[31m chatUnreadCount [33m>[31m [35m0[31m [33m&&[31m [33m<[31m[33mem[31m className[33m=[31m[32m"nav-unread-badge"[31m[33m>[31m{chatUnreadCount [33m>[31m [35m99[31m [33m?[31m [32m"99+"[31m [33m:[31m chatUnreadCount}[33m<[31m[33m/[31m[33mem[31m[33m>[31m}[33m<[31m[33m/[31m[33mi[31m[33m>[31m[33m<[31m[33mspan[31m[33m>[31m{item[33m.[31mlabel}[33m<[31m[33m/[31m[33mspan[31m[33m>[31m[33m<[31m[33m/[31m[33mbutton[31m[33m>[31m[33m;[31m })}[33m<[31m[35m/div><button className="nav-item compact logout-nav" onClick={onLogout} title="Logout" aria-label="Logout"><LogOut size={20} /[31m[33m>[31m[33m<[31m[33mspan[31m[33m>[31m[33mLogout[31m[33m<[31m[33m/[31m[33mspan[31m[33m>[31m[33m<[31m[33m/[31m[33mbutton[31m[33m>[31m[33m<[31m[33m/[31m[33mnav[31m[33m>[31m[33m;[31m }
 [90m 1012 |[31m [36mfunction[31m [33mLegacyMobileNav[31m({ active[33m,[31m onNavigate }[33m:[31m { active[33m:[31m [33mViewKey[31m[33m;[31m onNavigate[33m:[31m (view[33m:[31m [33mViewKey[31m) [33m=>[31m [36mvoid[31m }) { [36mreturn[31m [33m<[31m[33mnav[31m className[33m=[31m[32m"mobile-nav"[31m aria[33m-[31mlabel[33m=[31m[32m"Mobile navigation"[31m[33m>[31m{navItems[33m.[31mslice([35m0[31m[33m,[31m [35m5[31m)[33m.[31mmap((item) [33m=>[31m { [36mconst[31m [33mIcon[31m [33m=[31m item[33m.[31micon[33m;[31m [36mreturn[31m [33m<[31m[33mbutton[31m key[33m=[31m{item[33m.[31mid} className[33m=[31m{active [33m===[31m item[33m.[31mid [33m?[31m [32m"active"[31m [33m:[31m [32m""[31m} onClick[33m=[31m{() [33m=>[31m onNavigate(item[33m.[31mid)} aria[33m-[31mlabel[33m=[31m{item[33m.[31mlabel}[33m>[31m[33m<[31m[33mIcon[31m size[33m=[31m{[35m21[31m} [33m/[31m[33m>[31m[33m<[31m[33m/[31m[33mbutton[31m[33m>[31m[33m;[31m })}[33m<[31m[33m/[31m[33mnav[31m[33m>[31m[33m;[31m }
[31m[1m>[22m[31m[90m 1013 |[31m [36mfunction[31m [33mInlineError[31m({ message[33m,[31m onRetry }[33m:[31m { message[33m:[31m string[33m;[31m onRetry[33m:[31m () [33m=>[31m [36mvoid[31m }) { [36mreturn[31m [33m<[31m[33mdiv[31m className[33m=[31m[32m"inline-error"[31m[33m>[31m[33m<[31m[33mspan[31m[33m>[31m{message}[33m<[31m[33m/[31m[33mspan[31m[33m>[31m[33m<[31m[33mbutton[31m onClick[33m=[31m{onRetry}[33m>[31m[33mRetry[31m[33m<[31m[33m/[31m[33mbutton[31m[33m>[31m[33m<[31m[33m/[31m[33mdiv[31m[33m>[31m[33m;[31m }
 [90m      |[31m          [31m[1m^[22m[31m[31m[1m^[22m[31m[31m[1m^[22m[31m[31m[1m^[22m[31m[31m[1m^[22m[31m[31m[1m^[22m[31m[31m[1m^[22m[31m[31m[1m^[22m[31m[31m[1m^[22m[31m[31m[1m^[22m[31m[31m[1m^[22m[31m
 [90m 1014 |[31m [36mfunction[31m [33mHomeScreen[31m(props[33m:[31m { userId[33m:[31m string[33m;[31m tab[33m:[31m [32m"DISCOVER"[31m [33m|[31m [32m"FRIENDS"[31m[33m;[31m setTab[33m:[31m (tab[33m:[31m [32m"DISCOVER"[31m [33m|[31m [32m"FRIENDS"[31m) [33m=>[31m [36mvoid[31m[33m;[31m stories[33m:[31m [33mStoryItem[31m[][33m;[31m posts[33m:[31m [33mPost[31m[][33m;[31m status[33m:[31m [33mLoadState[31m[33m;[31m hasMore[33m:[31m boolean[33m;[31m loadingMore[33m:[31m boolean[33m;[31m onLoadMore[33m:[31m () [33m=>[31m [33mPromise[31m[33m<[31m[36mvoid[31m[33m>[31m[33m;[31m onSelectPost[33m:[31m (post[33m:[31m [33mPost[31m) [33m=>[31m [36mvoid[31m[33m;[31m onCreateStory[33m:[31m () [33m=>[31m [36mvoid[31m[33m;[31m onSelectStory[33m:[31m (story[33m:[31m [33mStoryItem[31m) [33m=>[31m [36mvoid[31m[33m;[31m onTogglePost[33m:[31m (postId[33m:[31m string[33m,[31m key[33m:[31m [32m"liked"[31m [33m|[31m [32m"saved"[31m [33m|[31m [32m"reposted"[31m) [33m=>[31m [36mvoid[31m[33m;[31m onEditPost[33m:[31m (post[33m:[31m [33mPost[31m) [33m=>[31m [36mvoid[31m[33m;[31m onArchivePost[33m:[31m (post[33m:[31m [33mPost[31m) [33m=>[31m [33mPromise[31m[33m<[31m[36mvoid[31m[33m>[31m[33m;[31m onOpenProfile[33m:[31m (userId[33m:[31m string) [33m=>[31m [33mPromise[31m[33m<[31m[36mvoid[31m[33m>[31m }) {
 [90m 1015 |[31m   [36mconst[31m [touchStart[33m,[31m setTouchStart] [33m=[31m useState[33m<[31m[33mnumber[31m [33m|[31m [36mnull[31m[33m>[31m([36mnull[31m)[33m;[31m
 [90m 1016 |[31m   [36mconst[31m loadMoreRef [33m=[31m useRef[33m<[31m[33mHTMLDivElement[31m [33m|[31m [36mnull[31m[33m>[31m([36mnull[31m)[33m;[31m[0m[39m
  Plugin: [35mvite:react-babel[39m
  File: [36mD:/Learning/Javaaa/Learn_Backend/Spring_WebFlux/appp/social_media_FE/src/App.tsx[39m
      at File.buildCodeFrameError (D:\Learning\Javaaa\Learn_Backend\Spring_WebFlux\appp\social_media_FE\node_modules\@babel\core\lib\transformation\file\file.js:189:12)
      at Scope.checkBlockScopedCollisions (D:\Learning\Javaaa\Learn_Backend\Spring_WebFlux\appp\social_media_FE\node_modules\@babel\traverse\lib\scope\index.js:433:27)
      at Scope.registerBinding (D:\Learning\Javaaa\Learn_Backend\Spring_WebFlux\appp\social_media_FE\node_modules\@babel\traverse\lib\scope\index.js:530:16)
      at Scope.registerDeclaration (D:\Learning\Javaaa\Learn_Backend\Spring_WebFlux\appp\social_media_FE\node_modules\@babel\traverse\lib\scope\index.js:475:12)
      at Object.BlockScoped (D:\Learning\Javaaa\Learn_Backend\Spring_WebFlux\appp\social_media_FE\node_modules\@babel\traverse\lib\scope\index.js:276:12)
      at Object.newFn (D:\Learning\Javaaa\Learn_Backend\Spring_WebFlux\appp\social_media_FE\node_modules\@babel\traverse\lib\visitors.js:203:17)
      at NodePath._call (D:\Learning\Javaaa\Learn_Backend\Spring_WebFlux\appp\social_media_FE\node_modules\@babel\traverse\lib\path\context.js:50:20)
      at NodePath.call (D:\Learning\Javaaa\Learn_Backend\Spring_WebFlux\appp\social_media_FE\node_modules\@babel\traverse\lib\path\context.js:40:18)
      at NodePath.visit (D:\Learning\Javaaa\Learn_Backend\Spring_WebFlux\appp\social_media_FE\node_modules\@babel\traverse\lib\path\context.js:87:31)
      at TraversalContext.visitQueue (D:\Learning\Javaaa\Learn_Backend\Spring_WebFlux\appp\social_media_FE\node_modules\@babel\traverse\lib\context.js:96:16)
      at TraversalContext.visitMultiple (D:\Learning\Javaaa\Learn_Backend\Spring_WebFlux\appp\social_media_FE\node_modules\@babel\traverse\lib\context.js:68:17)
      at TraversalContext.visit (D:\Learning\Javaaa\Learn_Backend\Spring_WebFlux\appp\social_media_FE\node_modules\@babel\traverse\lib\context.js:117:19)
      at traverseNode (D:\Learning\Javaaa\Learn_Backend\Spring_WebFlux\appp\social_media_FE\node_modules\@babel\traverse\lib\traverse-node.js:130:17)
      at traverse (D:\Learning\Javaaa\Learn_Backend\Spring_WebFlux\appp\social_media_FE\node_modules\@babel\traverse\lib\index.js:53:34)
      at NodePath.traverse (D:\Learning\Javaaa\Learn_Backend\Spring_WebFlux\appp\social_media_FE\node_modules\@babel\traverse\lib\path\index.js:120:24)
      at Scope.crawl (D:\Learning\Javaaa\Learn_Backend\Spring_WebFlux\appp\social_media_FE\node_modules\@babel\traverse\lib\scope\index.js:695:10)
      at Scope.init (D:\Learning\Javaaa\Learn_Backend\Spring_WebFlux\appp\social_media_FE\node_modules\@babel\traverse\lib\scope\index.js:661:12)
      at NodePath.setScope (D:\Learning\Javaaa\Learn_Backend\Spring_WebFlux\appp\social_media_FE\node_modules\@babel\traverse\lib\path\context.js:139:55)
      at NodePath.setContext (D:\Learning\Javaaa\Learn_Backend\Spring_WebFlux\appp\social_media_FE\node_modules\@babel\traverse\lib\path\context.js:151:12)
      at new File (D:\Learning\Javaaa\Learn_Backend\Spring_WebFlux\appp\social_media_FE\node_modules\@babel\core\lib\transformation\file\file.js:80:8)
      at normalizeFile (D:\Learning\Javaaa\Learn_Backend\Spring_WebFlux\appp\social_media_FE\node_modules\@babel\core\lib\transformation\normalize-file.js:82:10)
      at normalizeFile.next (<anonymous>)
      at run (D:\Learning\Javaaa\Learn_Backend\Spring_WebFlux\appp\social_media_FE\node_modules\@babel\core\lib\transformation\index.js:22:50)
      at run.next (<anonymous>)
      at transform (D:\Learning\Javaaa\Learn_Backend\Spring_WebFlux\appp\social_media_FE\node_modules\@babel\core\lib\transform.js:22:33)
      at transform.next (<anonymous>)
      at step (D:\Learning\Javaaa\Learn_Backend\Spring_WebFlux\appp\social_media_FE\node_modules\gensync\index.js:261:32)
      at D:\Learning\Javaaa\Learn_Backend\Spring_WebFlux\appp\social_media_FE\node_modules\gensync\index.js:273:13
      at async.call.result.err.err (D:\Learning\Javaaa\Learn_Backend\Spring_WebFlux\appp\social_media_FE\node_modules\gensync\index.js:223:11)
      at D:\Learning\Javaaa\Learn_Backend\Spring_WebFlux\appp\social_media_FE\node_modules\gensync\index.js:189:28
      at D:\Learning\Javaaa\Learn_Backend\Spring_WebFlux\appp\social_media_FE\node_modules\@babel\core\lib\gensync-utils\async.js:67:7
      at D:\Learning\Javaaa\Learn_Backend\Spring_WebFlux\appp\social_media_FE\node_modules\gensync\index.js:113:33
      at step (D:\Learning\Javaaa\Learn_Backend\Spring_WebFlux\appp\social_media_FE\node_modules\gensync\index.js:287:14)
      at D:\Learning\Javaaa\Learn_Backend\Spring_WebFlux\appp\social_media_FE\node_modules\gensync\index.js:273:13
      at async.call.result.err.err (D:\Learning\Javaaa\Learn_Backend\Spring_WebFlux\appp\social_media_FE\node_modules\gensync\index.js:223:11)
[2m03:58:23[22m [31m[1m[vite][22m[39m [31mInternal server error: Duplicate declaration "StoryViewer"
[0m [90m 1045 |[31m }
 [90m 1046 |[31m [36mfunction[31m [33mLegacyStoryTimeline[31m({ userId[33m,[31m items[33m,[31m onCreate[33m,[31m onSelect }[33m:[31m { userId[33m:[31m string[33m;[31m items[33m:[31m [33mStoryItem[31m[][33m;[31m onCreate[33m:[31m () [33m=>[31m [36mvoid[31m[33m;[31m onSelect[33m:[31m (story[33m:[31m [33mStoryItem[31m) [33m=>[31m [36mvoid[31m }) { [36mconst[31m stripRef [33m=[31m useRef[33m<[31m[33mHTMLDivElement[31m [33m|[31m [36mnull[31m[33m>[31m([36mnull[31m)[33m;[31m [36mconst[31m [scrollState[33m,[31m setScrollState] [33m=[31m useState({ left[33m:[31m [36mfalse[31m[33m,[31m right[33m:[31m [36mfalse[31m })[33m;[31m [36mconst[31m ownerEntries [33m=[31m storyOwnerEntries(items)[33m;[31m [36mfunction[31m updateScrollState() { [36mconst[31m node [33m=[31m stripRef[33m.[31mcurrent[33m;[31m [36mif[31m ([33m![31mnode) [36mreturn[31m[33m;[31m [36mconst[31m maxScrollLeft [33m=[31m node[33m.[31mscrollWidth [33m-[31m node[33m.[31mclientWidth[33m;[31m setScrollState({ left[33m:[31m node[33m.[31mscrollLeft [33m>[31m [35m4[31m[33m,[31m right[33m:[31m node[33m.[31mscrollLeft [33m<[31m maxScrollLeft [33m-[31m [35m4[31m })[33m;[31m } [36mfunction[31m scrollStories(direction[33m:[31m [33m-[31m[35m1[31m [33m|[31m [35m1[31m) { stripRef[33m.[31mcurrent[33m?[31m[33m.[31mscrollBy({ left[33m:[31m direction [33m*[31m [35m300[31m[33m,[31m behavior[33m:[31m [32m"smooth"[31m })[33m;[31m window[33m.[31msetTimeout(updateScrollState[33m,[31m [35m240[31m)[33m;[31m } useEffect(() [33m=>[31m { updateScrollState()[33m;[31m [36mconst[31m node [33m=[31m stripRef[33m.[31mcurrent[33m;[31m [36mif[31m ([33m![31mnode) [36mreturn[31m[33m;[31m node[33m.[31maddEventListener([32m"scroll"[31m[33m,[31m updateScrollState[33m,[31m { passive[33m:[31m [36mtrue[31m })[33m;[31m window[33m.[31maddEventListener([32m"resize"[31m[33m,[31m updateScrollState)[33m;[31m [36mconst[31m resizeObserver [33m=[31m [36mnew[31m [33mResizeObserver[31m(updateScrollState)[33m;[31m resizeObserver[33m.[31mobserve(node)[33m;[31m [36mreturn[31m () [33m=>[31m { node[33m.[31mremoveEventListener([32m"scroll"[31m[33m,[31m updateScrollState)[33m;[31m window[33m.[31mremoveEventListener([32m"resize"[31m[33m,[31m updateScrollState)[33m;[31m resizeObserver[33m.[31mdisconnect()[33m;[31m }[33m;[31m }[33m,[31m [ownerEntries[33m.[31mlength[33m,[31m userId])[33m;[31m [36mreturn[31m [33m<[31m[33mdiv[31m className[33m=[31m{[32m`story-row-wrap ${scrollState.left ? "can-left" : ""} ${scrollState.right ? "can-right" : ""}`[31m}[33m>[31m[33m<[31m[33mbutton[31m className[33m=[31m[32m"story-scroll-button previous"[31m onClick[33m=[31m{() [33m=>[31m scrollStories([33m-[31m[35m1[31m)} aria[33m-[31mlabel[33m=[31m[32m"Previous stories"[31m hidden[33m=[31m{[33m![31mscrollState[33m.[31mleft}[33m>[31m[33m<[31m[33mChevronLeft[31m size[33m=[31m{[35m16[31m} [33m/[31m[33m>[31m[33m<[31m[35m/button><div ref={stripRef} className="story-strip" aria-label="Story timeline"><button className="story-item add" onClick={onCreate} aria-label="Add story"><span className="story-avatar"><Plus size={18} /[31m[33m>[31m[33m<[31m[33m/[31m[33mspan[31m[33m>[31m[33m<[31m[33mspan[31m[33m>[31m[33mYour[31m story[33m<[31m[33m/[31m[33mspan[31m[33m>[31m[33m<[31m[35m/button>{ownerEntries.map((item) => <button key={item.userId} className={`story-item ${item.state}`} title={item.username} onClick={() => onSelect(item)}><span className="story-avatar"><Avatar src={item.avatarUrl} label={item.username} /[31m[33m>[31m{item[33m.[31mseenItems [33m>[31m [35m0[31m [33m&&[31m item[33m.[31mseenItems [33m<[31m item[33m.[31mtotalItems [33m&&[31m [33m<[31m[33msmall[31m className[33m=[31m[32m"story-partial-count"[31m[33m>[31m{item[33m.[31mtotalItems [33m-[31m item[33m.[31mseenItems}[33m<[31m[33m/[31m[33msmall[31m[33m>[31m}[33m<[31m[33m/[31m[33mspan[31m[33m>[31m[33m<[31m[33mspan[31m[33m>[31m{item[33m.[31muserId [33m===[31m userId [33m?[31m [32m"You"[31m [33m:[31m item[33m.[31mname}[33m<[31m[33m/[31m[33mspan[31m[33m>[31m[33m<[31m[33m/[31m[33mbutton[31m[33m>[31m)}[33m<[31m[35m/div><button className="story-scroll-button next" onClick={() => scrollStories(1)} aria-label="Next stories" hidden={!scrollState.right}><ChevronRight size={16} /[31m[33m>[31m[33m<[31m[33m/[31m[33mbutton[31m[33m>[31m[33m<[31m[33m/[31m[33mdiv[31m[33m>[31m[33m;[31m }
[31m[1m>[22m[31m[90m 1047 |[31m [36mfunction[31m [33mStoryViewer[31m({ stories[33m,[31m index[33m,[31m currentUserId[33m,[31m onClose[33m,[31m onSelectIndex[33m,[31m onViewed[33m,[31m onOpenProfile }[33m:[31m { stories[33m:[31m [33mStoryItem[31m[][33m;[31m index[33m:[31m number[33m;[31m currentUserId[33m:[31m string[33m;[31m onClose[33m:[31m () [33m=>[31m [36mvoid[31m[33m;[31m onSelectIndex[33m:[31m (index[33m:[31m number) [33m=>[31m [36mvoid[31m[33m;[31m onViewed[33m:[31m (storyId[33m:[31m string) [33m=>[31m [36mvoid[31m[33m;[31m onOpenProfile[33m:[31m (userId[33m:[31m string) [33m=>[31m [33mPromise[31m[33m<[31m[36mvoid[31m[33m>[31m }) {
 [90m      |[31m          [31m[1m^[22m[31m[31m[1m^[22m[31m[31m[1m^[22m[31m[31m[1m^[22m[31m[31m[1m^[22m[31m[31m[1m^[22m[31m[31m[1m^[22m[31m[31m[1m^[22m[31m[31m[1m^[22m[31m[31m[1m^[22m[31m[31m[1m^[22m[31m
 [90m 1048 |[31m   [36mconst[31m story [33m=[31m stories[index][33m;[31m
 [90m 1049 |[31m   [36mconst[31m videoRef [33m=[31m useRef[33m<[31m[33mHTMLVideoElement[31m [33m|[31m [36mnull[31m[33m>[31m([36mnull[31m)[33m;[31m
 [90m 1050 |[31m   [36mconst[31m musicRef [33m=[31m useRef[33m<[31m[33mHTMLAudioElement[31m [33m|[31m [36mnull[31m[33m>[31m([36mnull[31m)[33m;[31m[0m[39m
  Plugin: [35mvite:react-babel[39m
  File: [36mD:/Learning/Javaaa/Learn_Backend/Spring_WebFlux/appp/social_media_FE/src/App.tsx[39m
      at File.buildCodeFrameError (D:\Learning\Javaaa\Learn_Backend\Spring_WebFlux\appp\social_media_FE\node_modules\@babel\core\lib\transformation\file\file.js:189:12)
      at Scope.checkBlockScopedCollisions (D:\Learning\Javaaa\Learn_Backend\Spring_WebFlux\appp\social_media_FE\node_modules\@babel\traverse\lib\scope\index.js:433:27)
      at Scope.registerBinding (D:\Learning\Javaaa\Learn_Backend\Spring_WebFlux\appp\social_media_FE\node_modules\@babel\traverse\lib\scope\index.js:530:16)
      at Scope.registerDeclaration (D:\Learning\Javaaa\Learn_Backend\Spring_WebFlux\appp\social_media_FE\node_modules\@babel\traverse\lib\scope\index.js:475:12)
      at Object.BlockScoped (D:\Learning\Javaaa\Learn_Backend\Spring_WebFlux\appp\social_media_FE\node_modules\@babel\traverse\lib\scope\index.js:276:12)
      at Object.newFn (D:\Learning\Javaaa\Learn_Backend\Spring_WebFlux\appp\social_media_FE\node_modules\@babel\traverse\lib\visitors.js:203:17)
      at NodePath._call (D:\Learning\Javaaa\Learn_Backend\Spring_WebFlux\appp\social_media_FE\node_modules\@babel\traverse\lib\path\context.js:50:20)
      at NodePath.call (D:\Learning\Javaaa\Learn_Backend\Spring_WebFlux\appp\social_media_FE\node_modules\@babel\traverse\lib\path\context.js:40:18)
      at NodePath.visit (D:\Learning\Javaaa\Learn_Backend\Spring_WebFlux\appp\social_media_FE\node_modules\@babel\traverse\lib\path\context.js:87:31)
      at TraversalContext.visitQueue (D:\Learning\Javaaa\Learn_Backend\Spring_WebFlux\appp\social_media_FE\node_modules\@babel\traverse\lib\context.js:96:16)
      at TraversalContext.visitMultiple (D:\Learning\Javaaa\Learn_Backend\Spring_WebFlux\appp\social_media_FE\node_modules\@babel\traverse\lib\context.js:68:17)
      at TraversalContext.visit (D:\Learning\Javaaa\Learn_Backend\Spring_WebFlux\appp\social_media_FE\node_modules\@babel\traverse\lib\context.js:117:19)
      at traverseNode (D:\Learning\Javaaa\Learn_Backend\Spring_WebFlux\appp\social_media_FE\node_modules\@babel\traverse\lib\traverse-node.js:130:17)
      at traverse (D:\Learning\Javaaa\Learn_Backend\Spring_WebFlux\appp\social_media_FE\node_modules\@babel\traverse\lib\index.js:53:34)
      at NodePath.traverse (D:\Learning\Javaaa\Learn_Backend\Spring_WebFlux\appp\social_media_FE\node_modules\@babel\traverse\lib\path\index.js:120:24)
      at Scope.crawl (D:\Learning\Javaaa\Learn_Backend\Spring_WebFlux\appp\social_media_FE\node_modules\@babel\traverse\lib\scope\index.js:695:10)
      at Scope.init (D:\Learning\Javaaa\Learn_Backend\Spring_WebFlux\appp\social_media_FE\node_modules\@babel\traverse\lib\scope\index.js:661:12)
      at NodePath.setScope (D:\Learning\Javaaa\Learn_Backend\Spring_WebFlux\appp\social_media_FE\node_modules\@babel\traverse\lib\path\context.js:139:55)
      at NodePath.setContext (D:\Learning\Javaaa\Learn_Backend\Spring_WebFlux\appp\social_media_FE\node_modules\@babel\traverse\lib\path\context.js:151:12)
      at new File (D:\Learning\Javaaa\Learn_Backend\Spring_WebFlux\appp\social_media_FE\node_modules\@babel\core\lib\transformation\file\file.js:80:8)
      at normalizeFile (D:\Learning\Javaaa\Learn_Backend\Spring_WebFlux\appp\social_media_FE\node_modules\@babel\core\lib\transformation\normalize-file.js:82:10)
      at normalizeFile.next (<anonymous>)
      at run (D:\Learning\Javaaa\Learn_Backend\Spring_WebFlux\appp\social_media_FE\node_modules\@babel\core\lib\transformation\index.js:22:50)
      at run.next (<anonymous>)
      at transform (D:\Learning\Javaaa\Learn_Backend\Spring_WebFlux\appp\social_media_FE\node_modules\@babel\core\lib\transform.js:22:33)
      at transform.next (<anonymous>)
      at step (D:\Learning\Javaaa\Learn_Backend\Spring_WebFlux\appp\social_media_FE\node_modules\gensync\index.js:261:32)
      at D:\Learning\Javaaa\Learn_Backend\Spring_WebFlux\appp\social_media_FE\node_modules\gensync\index.js:273:13
      at async.call.result.err.err (D:\Learning\Javaaa\Learn_Backend\Spring_WebFlux\appp\social_media_FE\node_modules\gensync\index.js:223:11)
      at D:\Learning\Javaaa\Learn_Backend\Spring_WebFlux\appp\social_media_FE\node_modules\gensync\index.js:189:28
      at D:\Learning\Javaaa\Learn_Backend\Spring_WebFlux\appp\social_media_FE\node_modules\@babel\core\lib\gensync-utils\async.js:67:7
      at D:\Learning\Javaaa\Learn_Backend\Spring_WebFlux\appp\social_media_FE\node_modules\gensync\index.js:113:33
      at step (D:\Learning\Javaaa\Learn_Backend\Spring_WebFlux\appp\social_media_FE\node_modules\gensync\index.js:287:14)
      at D:\Learning\Javaaa\Learn_Backend\Spring_WebFlux\appp\social_media_FE\node_modules\gensync\index.js:273:13
      at async.call.result.err.err (D:\Learning\Javaaa\Learn_Backend\Spring_WebFlux\appp\social_media_FE\node_modules\gensync\index.js:223:11)
[2m03:58:23[22m [31m[1m[vite][22m[39m [31mInternal server error: Duplicate declaration "StoryViewer"
[0m [90m 1045 |[31m }
 [90m 1046 |[31m [36mfunction[31m [33mLegacyStoryTimeline[31m({ userId[33m,[31m items[33m,[31m onCreate[33m,[31m onSelect }[33m:[31m { userId[33m:[31m string[33m;[31m items[33m:[31m [33mStoryItem[31m[][33m;[31m onCreate[33m:[31m () [33m=>[31m [36mvoid[31m[33m;[31m onSelect[33m:[31m (story[33m:[31m [33mStoryItem[31m) [33m=>[31m [36mvoid[31m }) { [36mconst[31m stripRef [33m=[31m useRef[33m<[31m[33mHTMLDivElement[31m [33m|[31m [36mnull[31m[33m>[31m([36mnull[31m)[33m;[31m [36mconst[31m [scrollState[33m,[31m setScrollState] [33m=[31m useState({ left[33m:[31m [36mfalse[31m[33m,[31m right[33m:[31m [36mfalse[31m })[33m;[31m [36mconst[31m ownerEntries [33m=[31m storyOwnerEntries(items)[33m;[31m [36mfunction[31m updateScrollState() { [36mconst[31m node [33m=[31m stripRef[33m.[31mcurrent[33m;[31m [36mif[31m ([33m![31mnode) [36mreturn[31m[33m;[31m [36mconst[31m maxScrollLeft [33m=[31m node[33m.[31mscrollWidth [33m-[31m node[33m.[31mclientWidth[33m;[31m setScrollState({ left[33m:[31m node[33m.[31mscrollLeft [33m>[31m [35m4[31m[33m,[31m right[33m:[31m node[33m.[31mscrollLeft [33m<[31m maxScrollLeft [33m-[31m [35m4[31m })[33m;[31m } [36mfunction[31m scrollStories(direction[33m:[31m [33m-[31m[35m1[31m [33m|[31m [35m1[31m) { stripRef[33m.[31mcurrent[33m?[31m[33m.[31mscrollBy({ left[33m:[31m direction [33m*[31m [35m300[31m[33m,[31m behavior[33m:[31m [32m"smooth"[31m })[33m;[31m window[33m.[31msetTimeout(updateScrollState[33m,[31m [35m240[31m)[33m;[31m } useEffect(() [33m=>[31m { updateScrollState()[33m;[31m [36mconst[31m node [33m=[31m stripRef[33m.[31mcurrent[33m;[31m [36mif[31m ([33m![31mnode) [36mreturn[31m[33m;[31m node[33m.[31maddEventListener([32m"scroll"[31m[33m,[31m updateScrollState[33m,[31m { passive[33m:[31m [36mtrue[31m })[33m;[31m window[33m.[31maddEventListener([32m"resize"[31m[33m,[31m updateScrollState)[33m;[31m [36mconst[31m resizeObserver [33m=[31m [36mnew[31m [33mResizeObserver[31m(updateScrollState)[33m;[31m resizeObserver[33m.[31mobserve(node)[33m;[31m [36mreturn[31m () [33m=>[31m { node[33m.[31mremoveEventListener([32m"scroll"[31m[33m,[31m updateScrollState)[33m;[31m window[33m.[31mremoveEventListener([32m"resize"[31m[33m,[31m updateScrollState)[33m;[31m resizeObserver[33m.[31mdisconnect()[33m;[31m }[33m;[31m }[33m,[31m [ownerEntries[33m.[31mlength[33m,[31m userId])[33m;[31m [36mreturn[31m [33m<[31m[33mdiv[31m className[33m=[31m{[32m`story-row-wrap ${scrollState.left ? "can-left" : ""} ${scrollState.right ? "can-right" : ""}`[31m}[33m>[31m[33m<[31m[33mbutton[31m className[33m=[31m[32m"story-scroll-button previous"[31m onClick[33m=[31m{() [33m=>[31m scrollStories([33m-[31m[35m1[31m)} aria[33m-[31mlabel[33m=[31m[32m"Previous stories"[31m hidden[33m=[31m{[33m![31mscrollState[33m.[31mleft}[33m>[31m[33m<[31m[33mChevronLeft[31m size[33m=[31m{[35m16[31m} [33m/[31m[33m>[31m[33m<[31m[35m/button><div ref={stripRef} className="story-strip" aria-label="Story timeline"><button className="story-item add" onClick={onCreate} aria-label="Add story"><span className="story-avatar"><Plus size={18} /[31m[33m>[31m[33m<[31m[33m/[31m[33mspan[31m[33m>[31m[33m<[31m[33mspan[31m[33m>[31m[33mYour[31m story[33m<[31m[33m/[31m[33mspan[31m[33m>[31m[33m<[31m[35m/button>{ownerEntries.map((item) => <button key={item.userId} className={`story-item ${item.state}`} title={item.username} onClick={() => onSelect(item)}><span className="story-avatar"><Avatar src={item.avatarUrl} label={item.username} /[31m[33m>[31m{item[33m.[31mseenItems [33m>[31m [35m0[31m [33m&&[31m item[33m.[31mseenItems [33m<[31m item[33m.[31mtotalItems [33m&&[31m [33m<[31m[33msmall[31m className[33m=[31m[32m"story-partial-count"[31m[33m>[31m{item[33m.[31mtotalItems [33m-[31m item[33m.[31mseenItems}[33m<[31m[33m/[31m[33msmall[31m[33m>[31m}[33m<[31m[33m/[31m[33mspan[31m[33m>[31m[33m<[31m[33mspan[31m[33m>[31m{item[33m.[31muserId [33m===[31m userId [33m?[31m [32m"You"[31m [33m:[31m item[33m.[31mname}[33m<[31m[33m/[31m[33mspan[31m[33m>[31m[33m<[31m[33m/[31m[33mbutton[31m[33m>[31m)}[33m<[31m[35m/div><button className="story-scroll-button next" onClick={() => scrollStories(1)} aria-label="Next stories" hidden={!scrollState.right}><ChevronRight size={16} /[31m[33m>[31m[33m<[31m[33m/[31m[33mbutton[31m[33m>[31m[33m<[31m[33m/[31m[33mdiv[31m[33m>[31m[33m;[31m }
[31m[1m>[22m[31m[90m 1047 |[31m [36mfunction[31m [33mStoryViewer[31m({ stories[33m,[31m index[33m,[31m currentUserId[33m,[31m onClose[33m,[31m onSelectIndex[33m,[31m onViewed[33m,[31m onOpenProfile }[33m:[31m { stories[33m:[31m [33mStoryItem[31m[][33m;[31m index[33m:[31m number[33m;[31m currentUserId[33m:[31m string[33m;[31m onClose[33m:[31m () [33m=>[31m [36mvoid[31m[33m;[31m onSelectIndex[33m:[31m (index[33m:[31m number) [33m=>[31m [36mvoid[31m[33m;[31m onViewed[33m:[31m (storyId[33m:[31m string) [33m=>[31m [36mvoid[31m[33m;[31m onOpenProfile[33m:[31m (userId[33m:[31m string) [33m=>[31m [33mPromise[31m[33m<[31m[36mvoid[31m[33m>[31m }) {
 [90m      |[31m          [31m[1m^[22m[31m[31m[1m^[22m[31m[31m[1m^[22m[31m[31m[1m^[22m[31m[31m[1m^[22m[31m[31m[1m^[22m[31m[31m[1m^[22m[31m[31m[1m^[22m[31m[31m[1m^[22m[31m[31m[1m^[22m[31m[31m[1m^[22m[31m
 [90m 1048 |[31m   [36mconst[31m story [33m=[31m stories[index][33m;[31m
 [90m 1049 |[31m   [36mconst[31m videoRef [33m=[31m useRef[33m<[31m[33mHTMLVideoElement[31m [33m|[31m [36mnull[31m[33m>[31m([36mnull[31m)[33m;[31m
 [90m 1050 |[31m   [36mconst[31m musicRef [33m=[31m useRef[33m<[31m[33mHTMLAudioElement[31m [33m|[31m [36mnull[31m[33m>[31m([36mnull[31m)[33m;[31m[0m[39m
  Plugin: [35mvite:react-babel[39m
  File: [36mD:/Learning/Javaaa/Learn_Backend/Spring_WebFlux/appp/social_media_FE/src/App.tsx[39m
      at File.buildCodeFrameError (D:\Learning\Javaaa\Learn_Backend\Spring_WebFlux\appp\social_media_FE\node_modules\@babel\core\lib\transformation\file\file.js:189:12)
      at Scope.checkBlockScopedCollisions (D:\Learning\Javaaa\Learn_Backend\Spring_WebFlux\appp\social_media_FE\node_modules\@babel\traverse\lib\scope\index.js:433:27)
      at Scope.registerBinding (D:\Learning\Javaaa\Learn_Backend\Spring_WebFlux\appp\social_media_FE\node_modules\@babel\traverse\lib\scope\index.js:530:16)
      at Scope.registerDeclaration (D:\Learning\Javaaa\Learn_Backend\Spring_WebFlux\appp\social_media_FE\node_modules\@babel\traverse\lib\scope\index.js:475:12)
      at Object.BlockScoped (D:\Learning\Javaaa\Learn_Backend\Spring_WebFlux\appp\social_media_FE\node_modules\@babel\traverse\lib\scope\index.js:276:12)
      at Object.newFn (D:\Learning\Javaaa\Learn_Backend\Spring_WebFlux\appp\social_media_FE\node_modules\@babel\traverse\lib\visitors.js:203:17)
      at NodePath._call (D:\Learning\Javaaa\Learn_Backend\Spring_WebFlux\appp\social_media_FE\node_modules\@babel\traverse\lib\path\context.js:50:20)
      at NodePath.call (D:\Learning\Javaaa\Learn_Backend\Spring_WebFlux\appp\social_media_FE\node_modules\@babel\traverse\lib\path\context.js:40:18)
      at NodePath.visit (D:\Learning\Javaaa\Learn_Backend\Spring_WebFlux\appp\social_media_FE\node_modules\@babel\traverse\lib\path\context.js:87:31)
      at TraversalContext.visitQueue (D:\Learning\Javaaa\Learn_Backend\Spring_WebFlux\appp\social_media_FE\node_modules\@babel\traverse\lib\context.js:96:16)
      at TraversalContext.visitMultiple (D:\Learning\Javaaa\Learn_Backend\Spring_WebFlux\appp\social_media_FE\node_modules\@babel\traverse\lib\context.js:68:17)
      at TraversalContext.visit (D:\Learning\Javaaa\Learn_Backend\Spring_WebFlux\appp\social_media_FE\node_modules\@babel\traverse\lib\context.js:117:19)
      at traverseNode (D:\Learning\Javaaa\Learn_Backend\Spring_WebFlux\appp\social_media_FE\node_modules\@babel\traverse\lib\traverse-node.js:130:17)
      at traverse (D:\Learning\Javaaa\Learn_Backend\Spring_WebFlux\appp\social_media_FE\node_modules\@babel\traverse\lib\index.js:53:34)
      at NodePath.traverse (D:\Learning\Javaaa\Learn_Backend\Spring_WebFlux\appp\social_media_FE\node_modules\@babel\traverse\lib\path\index.js:120:24)
      at Scope.crawl (D:\Learning\Javaaa\Learn_Backend\Spring_WebFlux\appp\social_media_FE\node_modules\@babel\traverse\lib\scope\index.js:695:10)
      at Scope.init (D:\Learning\Javaaa\Learn_Backend\Spring_WebFlux\appp\social_media_FE\node_modules\@babel\traverse\lib\scope\index.js:661:12)
      at NodePath.setScope (D:\Learning\Javaaa\Learn_Backend\Spring_WebFlux\appp\social_media_FE\node_modules\@babel\traverse\lib\path\context.js:139:55)
      at NodePath.setContext (D:\Learning\Javaaa\Learn_Backend\Spring_WebFlux\appp\social_media_FE\node_modules\@babel\traverse\lib\path\context.js:151:12)
      at new File (D:\Learning\Javaaa\Learn_Backend\Spring_WebFlux\appp\social_media_FE\node_modules\@babel\core\lib\transformation\file\file.js:80:8)
      at normalizeFile (D:\Learning\Javaaa\Learn_Backend\Spring_WebFlux\appp\social_media_FE\node_modules\@babel\core\lib\transformation\normalize-file.js:82:10)
      at normalizeFile.next (<anonymous>)
      at run (D:\Learning\Javaaa\Learn_Backend\Spring_WebFlux\appp\social_media_FE\node_modules\@babel\core\lib\transformation\index.js:22:50)
      at run.next (<anonymous>)
      at transform (D:\Learning\Javaaa\Learn_Backend\Spring_WebFlux\appp\social_media_FE\node_modules\@babel\core\lib\transform.js:22:33)
      at transform.next (<anonymous>)
      at step (D:\Learning\Javaaa\Learn_Backend\Spring_WebFlux\appp\social_media_FE\node_modules\gensync\index.js:261:32)
      at D:\Learning\Javaaa\Learn_Backend\Spring_WebFlux\appp\social_media_FE\node_modules\gensync\index.js:273:13
      at async.call.result.err.err (D:\Learning\Javaaa\Learn_Backend\Spring_WebFlux\appp\social_media_FE\node_modules\gensync\index.js:223:11)
      at D:\Learning\Javaaa\Learn_Backend\Spring_WebFlux\appp\social_media_FE\node_modules\gensync\index.js:189:28
      at D:\Learning\Javaaa\Learn_Backend\Spring_WebFlux\appp\social_media_FE\node_modules\@babel\core\lib\gensync-utils\async.js:67:7
      at D:\Learning\Javaaa\Learn_Backend\Spring_WebFlux\appp\social_media_FE\node_modules\gensync\index.js:113:33
      at step (D:\Learning\Javaaa\Learn_Backend\Spring_WebFlux\appp\social_media_FE\node_modules\gensync\index.js:287:14)
      at D:\Learning\Javaaa\Learn_Backend\Spring_WebFlux\appp\social_media_FE\node_modules\gensync\index.js:273:13
      at async.call.result.err.err (D:\Learning\Javaaa\Learn_Backend\Spring_WebFlux\appp\social_media_FE\node_modules\gensync\index.js:223:11)
[2m04:01:07[22m [31m[1m[vite][22m[39m [31mInternal server error: D:\Learning\Javaaa\Learn_Backend\Spring_WebFlux\appp\social_media_FE\src\App.tsx: Unexpected token, expected "jsxTagEnd" (2370:93)

[0m [90m 2368 |[31m [90m  </div>;[31m
 [90m 2369 |[31m [90m}function EmptyState({ icon: Icon, title, action }: { icon: typeof Home; title: string; action: string }) { return <div className="empty-state"><Icon size={24} /><strong>{title}</strong><button>{action}</button></div>; }[31m
[31m[1m>[22m[31m[90m 2370 |[31m [90mfunction SkeletonFeed() { return <div className="skeleton-stack"><span /><span /><span /></di[31m
 [90m      |[31m                                                                                              [31m[1m^[22m[31m[0m[39m
  Plugin: [35mvite:react-babel[39m
  File: [36mD:/Learning/Javaaa/Learn_Backend/Spring_WebFlux/appp/social_media_FE/src/App.tsx[39m:2370:93
      at constructor (D:\Learning\Javaaa\Learn_Backend\Spring_WebFlux\appp\social_media_FE\node_modules\@babel\parser\lib\index.js:365:19)
      at TypeScriptParserMixin.raise (D:\Learning\Javaaa\Learn_Backend\Spring_WebFlux\appp\social_media_FE\node_modules\@babel\parser\lib\index.js:6616:19)
      at TypeScriptParserMixin.unexpected (D:\Learning\Javaaa\Learn_Backend\Spring_WebFlux\appp\social_media_FE\node_modules\@babel\parser\lib\index.js:6636:16)
      at TypeScriptParserMixin.expect (D:\Learning\Javaaa\Learn_Backend\Spring_WebFlux\appp\social_media_FE\node_modules\@babel\parser\lib\index.js:6916:12)
      at TypeScriptParserMixin.jsxParseClosingElementAt (D:\Learning\Javaaa\Learn_Backend\Spring_WebFlux\appp\social_media_FE\node_modules\@babel\parser\lib\index.js:4692:10)
      at TypeScriptParserMixin.jsxParseElementAt (D:\Learning\Javaaa\Learn_Backend\Spring_WebFlux\appp\social_media_FE\node_modules\@babel\parser\lib\index.js:4707:37)
      at TypeScriptParserMixin.jsxParseElement (D:\Learning\Javaaa\Learn_Backend\Spring_WebFlux\appp\social_media_FE\node_modules\@babel\parser\lib\index.js:4761:17)
      at TypeScriptParserMixin.parseExprAtom (D:\Learning\Javaaa\Learn_Backend\Spring_WebFlux\appp\social_media_FE\node_modules\@babel\parser\lib\index.js:4771:19)
      at TypeScriptParserMixin.parseExprSubscripts (D:\Learning\Javaaa\Learn_Backend\Spring_WebFlux\appp\social_media_FE\node_modules\@babel\parser\lib\index.js:11098:23)
      at TypeScriptParserMixin.parseUpdate (D:\Learning\Javaaa\Learn_Backend\Spring_WebFlux\appp\social_media_FE\node_modules\@babel\parser\lib\index.js:11083:21)
      at TypeScriptParserMixin.parseMaybeUnary (D:\Learning\Javaaa\Learn_Backend\Spring_WebFlux\appp\social_media_FE\node_modules\@babel\parser\lib\index.js:11063:23)
      at TypeScriptParserMixin.parseMaybeUnary (D:\Learning\Javaaa\Learn_Backend\Spring_WebFlux\appp\social_media_FE\node_modules\@babel\parser\lib\index.js:9854:18)
      at TypeScriptParserMixin.parseMaybeUnaryOrPrivate (D:\Learning\Javaaa\Learn_Backend\Spring_WebFlux\appp\social_media_FE\node_modules\@babel\parser\lib\index.js:10916:61)
      at TypeScriptParserMixin.parseExprOps (D:\Learning\Javaaa\Learn_Backend\Spring_WebFlux\appp\social_media_FE\node_modules\@babel\parser\lib\index.js:10921:23)
      at TypeScriptParserMixin.parseMaybeConditional (D:\Learning\Javaaa\Learn_Backend\Spring_WebFlux\appp\social_media_FE\node_modules\@babel\parser\lib\index.js:10898:23)
      at TypeScriptParserMixin.parseMaybeAssign (D:\Learning\Javaaa\Learn_Backend\Spring_WebFlux\appp\social_media_FE\node_modules\@babel\parser\lib\index.js:10848:21)
      at D:\Learning\Javaaa\Learn_Backend\Spring_WebFlux\appp\social_media_FE\node_modules\@babel\parser\lib\index.js:9792:39
      at TypeScriptParserMixin.tryParse (D:\Learning\Javaaa\Learn_Backend\Spring_WebFlux\appp\social_media_FE\node_modules\@babel\parser\lib\index.js:6924:20)
      at TypeScriptParserMixin.parseMaybeAssign (D:\Learning\Javaaa\Learn_Backend\Spring_WebFlux\appp\social_media_FE\node_modules\@babel\parser\lib\index.js:9792:18)
      at TypeScriptParserMixin.parseExpressionBase (D:\Learning\Javaaa\Learn_Backend\Spring_WebFlux\appp\social_media_FE\node_modules\@babel\parser\lib\index.js:10801:23)
      at D:\Learning\Javaaa\Learn_Backend\Spring_WebFlux\appp\social_media_FE\node_modules\@babel\parser\lib\index.js:10797:39
      at TypeScriptParserMixin.allowInAnd (D:\Learning\Javaaa\Learn_Backend\Spring_WebFlux\appp\social_media_FE\node_modules\@babel\parser\lib\index.js:12438:16)
      at TypeScriptParserMixin.parseExpression (D:\Learning\Javaaa\Learn_Backend\Spring_WebFlux\appp\social_media_FE\node_modules\@babel\parser\lib\index.js:10797:17)
      at TypeScriptParserMixin.parseReturnStatement (D:\Learning\Javaaa\Learn_Backend\Spring_WebFlux\appp\social_media_FE\node_modules\@babel\parser\lib\index.js:13159:28)
      at TypeScriptParserMixin.parseStatementContent (D:\Learning\Javaaa\Learn_Backend\Spring_WebFlux\appp\social_media_FE\node_modules\@babel\parser\lib\index.js:12815:21)
      at TypeScriptParserMixin.parseStatementContent (D:\Learning\Javaaa\Learn_Backend\Spring_WebFlux\appp\social_media_FE\node_modules\@babel\parser\lib\index.js:9525:18)
      at TypeScriptParserMixin.parseStatementLike (D:\Learning\Javaaa\Learn_Backend\Spring_WebFlux\appp\social_media_FE\node_modules\@babel\parser\lib\index.js:12784:17)
      at TypeScriptParserMixin.parseStatementListItem (D:\Learning\Javaaa\Learn_Backend\Spring_WebFlux\appp\social_media_FE\node_modules\@babel\parser\lib\index.js:12764:17)
      at TypeScriptParserMixin.parseBlockOrModuleBlockBody (D:\Learning\Javaaa\Learn_Backend\Spring_WebFlux\appp\social_media_FE\node_modules\@babel\parser\lib\index.js:13333:61)
      at TypeScriptParserMixin.parseBlockBody (D:\Learning\Javaaa\Learn_Backend\Spring_WebFlux\appp\social_media_FE\node_modules\@babel\parser\lib\index.js:13326:10)
      at TypeScriptParserMixin.parseBlock (D:\Learning\Javaaa\Learn_Backend\Spring_WebFlux\appp\social_media_FE\node_modules\@babel\parser\lib\index.js:13314:10)
      at TypeScriptParserMixin.parseFunctionBody (D:\Learning\Javaaa\Learn_Backend\Spring_WebFlux\appp\social_media_FE\node_modules\@babel\parser\lib\index.js:12117:24)
      at TypeScriptParserMixin.parseFunctionBodyAndFinish (D:\Learning\Javaaa\Learn_Backend\Spring_WebFlux\appp\social_media_FE\node_modules\@babel\parser\lib\index.js:12103:10)
      at TypeScriptParserMixin.parseFunctionBodyAndFinish (D:\Learning\Javaaa\Learn_Backend\Spring_WebFlux\appp\social_media_FE\node_modules\@babel\parser\lib\index.js:9189:18)
      at D:\Learning\Javaaa\Learn_Backend\Spring_WebFlux\appp\social_media_FE\node_modules\@babel\parser\lib\index.js:13462:12
      at TypeScriptParserMixin.withSmartMixTopicForbiddingContext (D:\Learning\Javaaa\Learn_Backend\Spring_WebFlux\appp\social_media_FE\node_modules\@babel\parser\lib\index.js:12420:14)
      at TypeScriptParserMixin.parseFunction (D:\Learning\Javaaa\Learn_Backend\Spring_WebFlux\appp\social_media_FE\node_modules\@babel\parser\lib\index.js:13461:10)
      at TypeScriptParserMixin.parseFunctionStatement (D:\Learning\Javaaa\Learn_Backend\Spring_WebFlux\appp\social_media_FE\node_modules\@babel\parser\lib\index.js:13142:17)
      at TypeScriptParserMixin.parseStatementContent (D:\Learning\Javaaa\Learn_Backend\Spring_WebFlux\appp\social_media_FE\node_modules\@babel\parser\lib\index.js:12808:21)
      at TypeScriptParserMixin.parseStatementContent (D:\Learning\Javaaa\Learn_Backend\Spring_WebFlux\appp\social_media_FE\node_modules\@babel\parser\lib\index.js:9525:18)
      at TypeScriptParserMixin.parseStatementLike (D:\Learning\Javaaa\Learn_Backend\Spring_WebFlux\appp\social_media_FE\node_modules\@babel\parser\lib\index.js:12784:17)
      at TypeScriptParserMixin.parseModuleItem (D:\Learning\Javaaa\Learn_Backend\Spring_WebFlux\appp\social_media_FE\node_modules\@babel\parser\lib\index.js:12761:17)
      at TypeScriptParserMixin.parseBlockOrModuleBlockBody (D:\Learning\Javaaa\Learn_Backend\Spring_WebFlux\appp\social_media_FE\node_modules\@babel\parser\lib\index.js:13333:36)
      at TypeScriptParserMixin.parseBlockBody (D:\Learning\Javaaa\Learn_Backend\Spring_WebFlux\appp\social_media_FE\node_modules\@babel\parser\lib\index.js:13326:10)
      at TypeScriptParserMixin.parseProgram (D:\Learning\Javaaa\Learn_Backend\Spring_WebFlux\appp\social_media_FE\node_modules\@babel\parser\lib\index.js:12639:10)
      at TypeScriptParserMixin.parseTopLevel (D:\Learning\Javaaa\Learn_Backend\Spring_WebFlux\appp\social_media_FE\node_modules\@babel\parser\lib\index.js:12629:25)
      at TypeScriptParserMixin.parse (D:\Learning\Javaaa\Learn_Backend\Spring_WebFlux\appp\social_media_FE\node_modules\@babel\parser\lib\index.js:14505:25)
      at TypeScriptParserMixin.parse (D:\Learning\Javaaa\Learn_Backend\Spring_WebFlux\appp\social_media_FE\node_modules\@babel\parser\lib\index.js:10143:18)
      at parse (D:\Learning\Javaaa\Learn_Backend\Spring_WebFlux\appp\social_media_FE\node_modules\@babel\parser\lib\index.js:14539:38)
      at parser (D:\Learning\Javaaa\Learn_Backend\Spring_WebFlux\appp\social_media_FE\node_modules\@babel\core\lib\parser\index.js:41:34)
[2m04:01:07[22m [31m[1m[vite][22m[39m [31mInternal server error: D:\Learning\Javaaa\Learn_Backend\Spring_WebFlux\appp\social_media_FE\src\App.tsx: Unexpected token, expected "jsxTagEnd" (2370:93)

[0m [90m 2368 |[31m [90m  </div>;[31m
 [90m 2369 |[31m [90m}function EmptyState({ icon: Icon, title, action }: { icon: typeof Home; title: string; action: string }) { return <div className="empty-state"><Icon size={24} /><strong>{title}</strong><button>{action}</button></div>; }[31m
[31m[1m>[22m[31m[90m 2370 |[31m [90mfunction SkeletonFeed() { return <div className="skeleton-stack"><span /><span /><span /></di[31m
 [90m      |[31m                                                                                              [31m[1m^[22m[31m[0m[39m
  Plugin: [35mvite:react-babel[39m
  File: [36mD:/Learning/Javaaa/Learn_Backend/Spring_WebFlux/appp/social_media_FE/src/App.tsx[39m:2370:93
      at constructor (D:\Learning\Javaaa\Learn_Backend\Spring_WebFlux\appp\social_media_FE\node_modules\@babel\parser\lib\index.js:365:19)
      at TypeScriptParserMixin.raise (D:\Learning\Javaaa\Learn_Backend\Spring_WebFlux\appp\social_media_FE\node_modules\@babel\parser\lib\index.js:6616:19)
      at TypeScriptParserMixin.unexpected (D:\Learning\Javaaa\Learn_Backend\Spring_WebFlux\appp\social_media_FE\node_modules\@babel\parser\lib\index.js:6636:16)
      at TypeScriptParserMixin.expect (D:\Learning\Javaaa\Learn_Backend\Spring_WebFlux\appp\social_media_FE\node_modules\@babel\parser\lib\index.js:6916:12)
      at TypeScriptParserMixin.jsxParseClosingElementAt (D:\Learning\Javaaa\Learn_Backend\Spring_WebFlux\appp\social_media_FE\node_modules\@babel\parser\lib\index.js:4692:10)
      at TypeScriptParserMixin.jsxParseElementAt (D:\Learning\Javaaa\Learn_Backend\Spring_WebFlux\appp\social_media_FE\node_modules\@babel\parser\lib\index.js:4707:37)
      at TypeScriptParserMixin.jsxParseElement (D:\Learning\Javaaa\Learn_Backend\Spring_WebFlux\appp\social_media_FE\node_modules\@babel\parser\lib\index.js:4761:17)
      at TypeScriptParserMixin.parseExprAtom (D:\Learning\Javaaa\Learn_Backend\Spring_WebFlux\appp\social_media_FE\node_modules\@babel\parser\lib\index.js:4771:19)
      at TypeScriptParserMixin.parseExprSubscripts (D:\Learning\Javaaa\Learn_Backend\Spring_WebFlux\appp\social_media_FE\node_modules\@babel\parser\lib\index.js:11098:23)
      at TypeScriptParserMixin.parseUpdate (D:\Learning\Javaaa\Learn_Backend\Spring_WebFlux\appp\social_media_FE\node_modules\@babel\parser\lib\index.js:11083:21)
      at TypeScriptParserMixin.parseMaybeUnary (D:\Learning\Javaaa\Learn_Backend\Spring_WebFlux\appp\social_media_FE\node_modules\@babel\parser\lib\index.js:11063:23)
      at TypeScriptParserMixin.parseMaybeUnary (D:\Learning\Javaaa\Learn_Backend\Spring_WebFlux\appp\social_media_FE\node_modules\@babel\parser\lib\index.js:9854:18)
      at TypeScriptParserMixin.parseMaybeUnaryOrPrivate (D:\Learning\Javaaa\Learn_Backend\Spring_WebFlux\appp\social_media_FE\node_modules\@babel\parser\lib\index.js:10916:61)
      at TypeScriptParserMixin.parseExprOps (D:\Learning\Javaaa\Learn_Backend\Spring_WebFlux\appp\social_media_FE\node_modules\@babel\parser\lib\index.js:10921:23)
      at TypeScriptParserMixin.parseMaybeConditional (D:\Learning\Javaaa\Learn_Backend\Spring_WebFlux\appp\social_media_FE\node_modules\@babel\parser\lib\index.js:10898:23)
      at TypeScriptParserMixin.parseMaybeAssign (D:\Learning\Javaaa\Learn_Backend\Spring_WebFlux\appp\social_media_FE\node_modules\@babel\parser\lib\index.js:10848:21)
      at D:\Learning\Javaaa\Learn_Backend\Spring_WebFlux\appp\social_media_FE\node_modules\@babel\parser\lib\index.js:9792:39
      at TypeScriptParserMixin.tryParse (D:\Learning\Javaaa\Learn_Backend\Spring_WebFlux\appp\social_media_FE\node_modules\@babel\parser\lib\index.js:6924:20)
      at TypeScriptParserMixin.parseMaybeAssign (D:\Learning\Javaaa\Learn_Backend\Spring_WebFlux\appp\social_media_FE\node_modules\@babel\parser\lib\index.js:9792:18)
      at TypeScriptParserMixin.parseExpressionBase (D:\Learning\Javaaa\Learn_Backend\Spring_WebFlux\appp\social_media_FE\node_modules\@babel\parser\lib\index.js:10801:23)
      at D:\Learning\Javaaa\Learn_Backend\Spring_WebFlux\appp\social_media_FE\node_modules\@babel\parser\lib\index.js:10797:39
      at TypeScriptParserMixin.allowInAnd (D:\Learning\Javaaa\Learn_Backend\Spring_WebFlux\appp\social_media_FE\node_modules\@babel\parser\lib\index.js:12438:16)
      at TypeScriptParserMixin.parseExpression (D:\Learning\Javaaa\Learn_Backend\Spring_WebFlux\appp\social_media_FE\node_modules\@babel\parser\lib\index.js:10797:17)
      at TypeScriptParserMixin.parseReturnStatement (D:\Learning\Javaaa\Learn_Backend\Spring_WebFlux\appp\social_media_FE\node_modules\@babel\parser\lib\index.js:13159:28)
      at TypeScriptParserMixin.parseStatementContent (D:\Learning\Javaaa\Learn_Backend\Spring_WebFlux\appp\social_media_FE\node_modules\@babel\parser\lib\index.js:12815:21)
      at TypeScriptParserMixin.parseStatementContent (D:\Learning\Javaaa\Learn_Backend\Spring_WebFlux\appp\social_media_FE\node_modules\@babel\parser\lib\index.js:9525:18)
      at TypeScriptParserMixin.parseStatementLike (D:\Learning\Javaaa\Learn_Backend\Spring_WebFlux\appp\social_media_FE\node_modules\@babel\parser\lib\index.js:12784:17)
      at TypeScriptParserMixin.parseStatementListItem (D:\Learning\Javaaa\Learn_Backend\Spring_WebFlux\appp\social_media_FE\node_modules\@babel\parser\lib\index.js:12764:17)
      at TypeScriptParserMixin.parseBlockOrModuleBlockBody (D:\Learning\Javaaa\Learn_Backend\Spring_WebFlux\appp\social_media_FE\node_modules\@babel\parser\lib\index.js:13333:61)
      at TypeScriptParserMixin.parseBlockBody (D:\Learning\Javaaa\Learn_Backend\Spring_WebFlux\appp\social_media_FE\node_modules\@babel\parser\lib\index.js:13326:10)
      at TypeScriptParserMixin.parseBlock (D:\Learning\Javaaa\Learn_Backend\Spring_WebFlux\appp\social_media_FE\node_modules\@babel\parser\lib\index.js:13314:10)
      at TypeScriptParserMixin.parseFunctionBody (D:\Learning\Javaaa\Learn_Backend\Spring_WebFlux\appp\social_media_FE\node_modules\@babel\parser\lib\index.js:12117:24)
      at TypeScriptParserMixin.parseFunctionBodyAndFinish (D:\Learning\Javaaa\Learn_Backend\Spring_WebFlux\appp\social_media_FE\node_modules\@babel\parser\lib\index.js:12103:10)
      at TypeScriptParserMixin.parseFunctionBodyAndFinish (D:\Learning\Javaaa\Learn_Backend\Spring_WebFlux\appp\social_media_FE\node_modules\@babel\parser\lib\index.js:9189:18)
      at D:\Learning\Javaaa\Learn_Backend\Spring_WebFlux\appp\social_media_FE\node_modules\@babel\parser\lib\index.js:13462:12
      at TypeScriptParserMixin.withSmartMixTopicForbiddingContext (D:\Learning\Javaaa\Learn_Backend\Spring_WebFlux\appp\social_media_FE\node_modules\@babel\parser\lib\index.js:12420:14)
      at TypeScriptParserMixin.parseFunction (D:\Learning\Javaaa\Learn_Backend\Spring_WebFlux\appp\social_media_FE\node_modules\@babel\parser\lib\index.js:13461:10)
      at TypeScriptParserMixin.parseFunctionStatement (D:\Learning\Javaaa\Learn_Backend\Spring_WebFlux\appp\social_media_FE\node_modules\@babel\parser\lib\index.js:13142:17)
      at TypeScriptParserMixin.parseStatementContent (D:\Learning\Javaaa\Learn_Backend\Spring_WebFlux\appp\social_media_FE\node_modules\@babel\parser\lib\index.js:12808:21)
      at TypeScriptParserMixin.parseStatementContent (D:\Learning\Javaaa\Learn_Backend\Spring_WebFlux\appp\social_media_FE\node_modules\@babel\parser\lib\index.js:9525:18)
      at TypeScriptParserMixin.parseStatementLike (D:\Learning\Javaaa\Learn_Backend\Spring_WebFlux\appp\social_media_FE\node_modules\@babel\parser\lib\index.js:12784:17)
      at TypeScriptParserMixin.parseModuleItem (D:\Learning\Javaaa\Learn_Backend\Spring_WebFlux\appp\social_media_FE\node_modules\@babel\parser\lib\index.js:12761:17)
      at TypeScriptParserMixin.parseBlockOrModuleBlockBody (D:\Learning\Javaaa\Learn_Backend\Spring_WebFlux\appp\social_media_FE\node_modules\@babel\parser\lib\index.js:13333:36)
      at TypeScriptParserMixin.parseBlockBody (D:\Learning\Javaaa\Learn_Backend\Spring_WebFlux\appp\social_media_FE\node_modules\@babel\parser\lib\index.js:13326:10)
      at TypeScriptParserMixin.parseProgram (D:\Learning\Javaaa\Learn_Backend\Spring_WebFlux\appp\social_media_FE\node_modules\@babel\parser\lib\index.js:12639:10)
      at TypeScriptParserMixin.parseTopLevel (D:\Learning\Javaaa\Learn_Backend\Spring_WebFlux\appp\social_media_FE\node_modules\@babel\parser\lib\index.js:12629:25)
      at TypeScriptParserMixin.parse (D:\Learning\Javaaa\Learn_Backend\Spring_WebFlux\appp\social_media_FE\node_modules\@babel\parser\lib\index.js:14505:25)
      at TypeScriptParserMixin.parse (D:\Learning\Javaaa\Learn_Backend\Spring_WebFlux\appp\social_media_FE\node_modules\@babel\parser\lib\index.js:10143:18)
      at parse (D:\Learning\Javaaa\Learn_Backend\Spring_WebFlux\appp\social_media_FE\node_modules\@babel\parser\lib\index.js:14539:38)
      at parser (D:\Learning\Javaaa\Learn_Backend\Spring_WebFlux\appp\social_media_FE\node_modules\@babel\core\lib\parser\index.js:41:34)
[2m04:14:26[22m [31m[1m[vite][22m[39m [31mInternal server error: Duplicate declaration "SystemStates"
[0m [90m 3099 |[31m [90m}) { if (!post)[31m
 [90m 3100 |[31m [90m    return <div className="context-panel"><p className="eyebrow">Context</p><h3>No active post</h3><p>Open a post to see contextual actions.</p>{status === "error" && <button onClick={onOpenStates}><WifiOff size={18}/> System states</button>}</div>; return <div className="context-panel"><p className="eyebrow">Context</p><h3>{post.author.displayName}</h3><p>{post.caption}</p><div className="context-stats"><span>{post.engagement.likes} likes</span><span>{post.engagement.comments} comments</span></div>{status === "error" && <button onClick={onOpenStates}><WifiOff size={18}/> System states</button>}</div>; }[31m
[31m[1m>[22m[31m[90m 3101 |[31m [90mfunction SystemStates() { return <section className="screen states-grid"><EmptyState icon={WifiOff} title="Offline" action="Retry"/><EmptyState icon={Lock} title="Permission denied" action="Back"/><EmptyState icon={Archive} title="Empty saved content" action="Open feed"/><EmptyState icon={RefreshCw} title="Session expired" action="Sign in"/></section>; }[31m
 [90m      |[31m          [31m[1m^[22m[31m[31m[1m^[22m[31m[31m[1m^[22m[31m[31m[1m^[22m[31m[31m[1m^[22m[31m[31m[1m^[22m[31m[31m[1m^[22m[31m[31m[1m^[22m[31m[31m[1m^[22m[31m[31m[1m^[22m[31m[31m[1m^[22m[31m[31m[1m^[22m[31m
 [90m 3102 |[31m [90mfunction LibraryBlock({ title, items }: {[31m
 [90m 3103 |[31m [90m    title: string;[31m
 [90m 3104 |[31m [90m    items: string[];[31m[0m[39m
  Plugin: [35mvite:react-babel[39m
  File: [36mD:/Learning/Javaaa/Learn_Backend/Spring_WebFlux/appp/social_media_FE/src/App.tsx[39m
      at File.buildCodeFrameError (D:\Learning\Javaaa\Learn_Backend\Spring_WebFlux\appp\social_media_FE\node_modules\@babel\core\lib\transformation\file\file.js:189:12)
      at Scope.checkBlockScopedCollisions (D:\Learning\Javaaa\Learn_Backend\Spring_WebFlux\appp\social_media_FE\node_modules\@babel\traverse\lib\scope\index.js:433:27)
      at Scope.registerBinding (D:\Learning\Javaaa\Learn_Backend\Spring_WebFlux\appp\social_media_FE\node_modules\@babel\traverse\lib\scope\index.js:530:16)
      at Scope.registerDeclaration (D:\Learning\Javaaa\Learn_Backend\Spring_WebFlux\appp\social_media_FE\node_modules\@babel\traverse\lib\scope\index.js:475:12)
      at Object.BlockScoped (D:\Learning\Javaaa\Learn_Backend\Spring_WebFlux\appp\social_media_FE\node_modules\@babel\traverse\lib\scope\index.js:276:12)
      at Object.newFn (D:\Learning\Javaaa\Learn_Backend\Spring_WebFlux\appp\social_media_FE\node_modules\@babel\traverse\lib\visitors.js:203:17)
      at NodePath._call (D:\Learning\Javaaa\Learn_Backend\Spring_WebFlux\appp\social_media_FE\node_modules\@babel\traverse\lib\path\context.js:50:20)
      at NodePath.call (D:\Learning\Javaaa\Learn_Backend\Spring_WebFlux\appp\social_media_FE\node_modules\@babel\traverse\lib\path\context.js:40:18)
      at NodePath.visit (D:\Learning\Javaaa\Learn_Backend\Spring_WebFlux\appp\social_media_FE\node_modules\@babel\traverse\lib\path\context.js:87:31)
      at TraversalContext.visitQueue (D:\Learning\Javaaa\Learn_Backend\Spring_WebFlux\appp\social_media_FE\node_modules\@babel\traverse\lib\context.js:96:16)
      at TraversalContext.visitMultiple (D:\Learning\Javaaa\Learn_Backend\Spring_WebFlux\appp\social_media_FE\node_modules\@babel\traverse\lib\context.js:68:17)
      at TraversalContext.visit (D:\Learning\Javaaa\Learn_Backend\Spring_WebFlux\appp\social_media_FE\node_modules\@babel\traverse\lib\context.js:117:19)
      at traverseNode (D:\Learning\Javaaa\Learn_Backend\Spring_WebFlux\appp\social_media_FE\node_modules\@babel\traverse\lib\traverse-node.js:130:17)
      at traverse (D:\Learning\Javaaa\Learn_Backend\Spring_WebFlux\appp\social_media_FE\node_modules\@babel\traverse\lib\index.js:53:34)
      at NodePath.traverse (D:\Learning\Javaaa\Learn_Backend\Spring_WebFlux\appp\social_media_FE\node_modules\@babel\traverse\lib\path\index.js:120:24)
      at Scope.crawl (D:\Learning\Javaaa\Learn_Backend\Spring_WebFlux\appp\social_media_FE\node_modules\@babel\traverse\lib\scope\index.js:695:10)
      at Scope.init (D:\Learning\Javaaa\Learn_Backend\Spring_WebFlux\appp\social_media_FE\node_modules\@babel\traverse\lib\scope\index.js:661:12)
      at NodePath.setScope (D:\Learning\Javaaa\Learn_Backend\Spring_WebFlux\appp\social_media_FE\node_modules\@babel\traverse\lib\path\context.js:139:55)
      at NodePath.setContext (D:\Learning\Javaaa\Learn_Backend\Spring_WebFlux\appp\social_media_FE\node_modules\@babel\traverse\lib\path\context.js:151:12)
      at new File (D:\Learning\Javaaa\Learn_Backend\Spring_WebFlux\appp\social_media_FE\node_modules\@babel\core\lib\transformation\file\file.js:80:8)
      at normalizeFile (D:\Learning\Javaaa\Learn_Backend\Spring_WebFlux\appp\social_media_FE\node_modules\@babel\core\lib\transformation\normalize-file.js:82:10)
      at normalizeFile.next (<anonymous>)
      at run (D:\Learning\Javaaa\Learn_Backend\Spring_WebFlux\appp\social_media_FE\node_modules\@babel\core\lib\transformation\index.js:22:50)
      at run.next (<anonymous>)
      at transform (D:\Learning\Javaaa\Learn_Backend\Spring_WebFlux\appp\social_media_FE\node_modules\@babel\core\lib\transform.js:22:33)
      at transform.next (<anonymous>)
      at step (D:\Learning\Javaaa\Learn_Backend\Spring_WebFlux\appp\social_media_FE\node_modules\gensync\index.js:261:32)
      at D:\Learning\Javaaa\Learn_Backend\Spring_WebFlux\appp\social_media_FE\node_modules\gensync\index.js:273:13
      at async.call.result.err.err (D:\Learning\Javaaa\Learn_Backend\Spring_WebFlux\appp\social_media_FE\node_modules\gensync\index.js:223:11)
      at D:\Learning\Javaaa\Learn_Backend\Spring_WebFlux\appp\social_media_FE\node_modules\gensync\index.js:189:28
      at D:\Learning\Javaaa\Learn_Backend\Spring_WebFlux\appp\social_media_FE\node_modules\@babel\core\lib\gensync-utils\async.js:67:7
      at D:\Learning\Javaaa\Learn_Backend\Spring_WebFlux\appp\social_media_FE\node_modules\gensync\index.js:113:33
      at step (D:\Learning\Javaaa\Learn_Backend\Spring_WebFlux\appp\social_media_FE\node_modules\gensync\index.js:287:14)
      at D:\Learning\Javaaa\Learn_Backend\Spring_WebFlux\appp\social_media_FE\node_modules\gensync\index.js:273:13
      at async.call.result.err.err (D:\Learning\Javaaa\Learn_Backend\Spring_WebFlux\appp\social_media_FE\node_modules\gensync\index.js:223:11)
[2m04:14:26[22m [31m[1m[vite][22m[39m [31mInternal server error: Duplicate declaration "SystemStates"
[0m [90m 3099 |[31m [90m}) { if (!post)[31m
 [90m 3100 |[31m [90m    return <div className="context-panel"><p className="eyebrow">Context</p><h3>No active post</h3><p>Open a post to see contextual actions.</p>{status === "error" && <button onClick={onOpenStates}><WifiOff size={18}/> System states</button>}</div>; return <div className="context-panel"><p className="eyebrow">Context</p><h3>{post.author.displayName}</h3><p>{post.caption}</p><div className="context-stats"><span>{post.engagement.likes} likes</span><span>{post.engagement.comments} comments</span></div>{status === "error" && <button onClick={onOpenStates}><WifiOff size={18}/> System states</button>}</div>; }[31m
[31m[1m>[22m[31m[90m 3101 |[31m [90mfunction SystemStates() { return <section className="screen states-grid"><EmptyState icon={WifiOff} title="Offline" action="Retry"/><EmptyState icon={Lock} title="Permission denied" action="Back"/><EmptyState icon={Archive} title="Empty saved content" action="Open feed"/><EmptyState icon={RefreshCw} title="Session expired" action="Sign in"/></section>; }[31m
 [90m      |[31m          [31m[1m^[22m[31m[31m[1m^[22m[31m[31m[1m^[22m[31m[31m[1m^[22m[31m[31m[1m^[22m[31m[31m[1m^[22m[31m[31m[1m^[22m[31m[31m[1m^[22m[31m[31m[1m^[22m[31m[31m[1m^[22m[31m[31m[1m^[22m[31m[31m[1m^[22m[31m
 [90m 3102 |[31m [90mfunction LibraryBlock({ title, items }: {[31m
 [90m 3103 |[31m [90m    title: string;[31m
 [90m 3104 |[31m [90m    items: string[];[31m[0m[39m
  Plugin: [35mvite:react-babel[39m
  File: [36mD:/Learning/Javaaa/Learn_Backend/Spring_WebFlux/appp/social_media_FE/src/App.tsx[39m
      at File.buildCodeFrameError (D:\Learning\Javaaa\Learn_Backend\Spring_WebFlux\appp\social_media_FE\node_modules\@babel\core\lib\transformation\file\file.js:189:12)
      at Scope.checkBlockScopedCollisions (D:\Learning\Javaaa\Learn_Backend\Spring_WebFlux\appp\social_media_FE\node_modules\@babel\traverse\lib\scope\index.js:433:27)
      at Scope.registerBinding (D:\Learning\Javaaa\Learn_Backend\Spring_WebFlux\appp\social_media_FE\node_modules\@babel\traverse\lib\scope\index.js:530:16)
      at Scope.registerDeclaration (D:\Learning\Javaaa\Learn_Backend\Spring_WebFlux\appp\social_media_FE\node_modules\@babel\traverse\lib\scope\index.js:475:12)
      at Object.BlockScoped (D:\Learning\Javaaa\Learn_Backend\Spring_WebFlux\appp\social_media_FE\node_modules\@babel\traverse\lib\scope\index.js:276:12)
      at Object.newFn (D:\Learning\Javaaa\Learn_Backend\Spring_WebFlux\appp\social_media_FE\node_modules\@babel\traverse\lib\visitors.js:203:17)
      at NodePath._call (D:\Learning\Javaaa\Learn_Backend\Spring_WebFlux\appp\social_media_FE\node_modules\@babel\traverse\lib\path\context.js:50:20)
      at NodePath.call (D:\Learning\Javaaa\Learn_Backend\Spring_WebFlux\appp\social_media_FE\node_modules\@babel\traverse\lib\path\context.js:40:18)
      at NodePath.visit (D:\Learning\Javaaa\Learn_Backend\Spring_WebFlux\appp\social_media_FE\node_modules\@babel\traverse\lib\path\context.js:87:31)
      at TraversalContext.visitQueue (D:\Learning\Javaaa\Learn_Backend\Spring_WebFlux\appp\social_media_FE\node_modules\@babel\traverse\lib\context.js:96:16)
      at TraversalContext.visitMultiple (D:\Learning\Javaaa\Learn_Backend\Spring_WebFlux\appp\social_media_FE\node_modules\@babel\traverse\lib\context.js:68:17)
      at TraversalContext.visit (D:\Learning\Javaaa\Learn_Backend\Spring_WebFlux\appp\social_media_FE\node_modules\@babel\traverse\lib\context.js:117:19)
      at traverseNode (D:\Learning\Javaaa\Learn_Backend\Spring_WebFlux\appp\social_media_FE\node_modules\@babel\traverse\lib\traverse-node.js:130:17)
      at traverse (D:\Learning\Javaaa\Learn_Backend\Spring_WebFlux\appp\social_media_FE\node_modules\@babel\traverse\lib\index.js:53:34)
      at NodePath.traverse (D:\Learning\Javaaa\Learn_Backend\Spring_WebFlux\appp\social_media_FE\node_modules\@babel\traverse\lib\path\index.js:120:24)
      at Scope.crawl (D:\Learning\Javaaa\Learn_Backend\Spring_WebFlux\appp\social_media_FE\node_modules\@babel\traverse\lib\scope\index.js:695:10)
      at Scope.init (D:\Learning\Javaaa\Learn_Backend\Spring_WebFlux\appp\social_media_FE\node_modules\@babel\traverse\lib\scope\index.js:661:12)
      at NodePath.setScope (D:\Learning\Javaaa\Learn_Backend\Spring_WebFlux\appp\social_media_FE\node_modules\@babel\traverse\lib\path\context.js:139:55)
      at NodePath.setContext (D:\Learning\Javaaa\Learn_Backend\Spring_WebFlux\appp\social_media_FE\node_modules\@babel\traverse\lib\path\context.js:151:12)
      at new File (D:\Learning\Javaaa\Learn_Backend\Spring_WebFlux\appp\social_media_FE\node_modules\@babel\core\lib\transformation\file\file.js:80:8)
      at normalizeFile (D:\Learning\Javaaa\Learn_Backend\Spring_WebFlux\appp\social_media_FE\node_modules\@babel\core\lib\transformation\normalize-file.js:82:10)
      at normalizeFile.next (<anonymous>)
      at run (D:\Learning\Javaaa\Learn_Backend\Spring_WebFlux\appp\social_media_FE\node_modules\@babel\core\lib\transformation\index.js:22:50)
      at run.next (<anonymous>)
      at transform (D:\Learning\Javaaa\Learn_Backend\Spring_WebFlux\appp\social_media_FE\node_modules\@babel\core\lib\transform.js:22:33)
      at transform.next (<anonymous>)
      at step (D:\Learning\Javaaa\Learn_Backend\Spring_WebFlux\appp\social_media_FE\node_modules\gensync\index.js:261:32)
      at D:\Learning\Javaaa\Learn_Backend\Spring_WebFlux\appp\social_media_FE\node_modules\gensync\index.js:273:13
      at async.call.result.err.err (D:\Learning\Javaaa\Learn_Backend\Spring_WebFlux\appp\social_media_FE\node_modules\gensync\index.js:223:11)
      at D:\Learning\Javaaa\Learn_Backend\Spring_WebFlux\appp\social_media_FE\node_modules\gensync\index.js:189:28
      at D:\Learning\Javaaa\Learn_Backend\Spring_WebFlux\appp\social_media_FE\node_modules\@babel\core\lib\gensync-utils\async.js:67:7
      at D:\Learning\Javaaa\Learn_Backend\Spring_WebFlux\appp\social_media_FE\node_modules\gensync\index.js:113:33
      at step (D:\Learning\Javaaa\Learn_Backend\Spring_WebFlux\appp\social_media_FE\node_modules\gensync\index.js:287:14)
      at D:\Learning\Javaaa\Learn_Backend\Spring_WebFlux\appp\social_media_FE\node_modules\gensync\index.js:273:13
      at async.call.result.err.err (D:\Learning\Javaaa\Learn_Backend\Spring_WebFlux\appp\social_media_FE\node_modules\gensync\index.js:223:11)
[2m04:14:26[22m [31m[1m[vite][22m[39m [31mInternal server error: Duplicate declaration "SystemStates"
[0m [90m 3099 |[31m [90m}) { if (!post)[31m
 [90m 3100 |[31m [90m    return <div className="context-panel"><p className="eyebrow">Context</p><h3>No active post</h3><p>Open a post to see contextual actions.</p>{status === "error" && <button onClick={onOpenStates}><WifiOff size={18}/> System states</button>}</div>; return <div className="context-panel"><p className="eyebrow">Context</p><h3>{post.author.displayName}</h3><p>{post.caption}</p><div className="context-stats"><span>{post.engagement.likes} likes</span><span>{post.engagement.comments} comments</span></div>{status === "error" && <button onClick={onOpenStates}><WifiOff size={18}/> System states</button>}</div>; }[31m
[31m[1m>[22m[31m[90m 3101 |[31m [90mfunction SystemStates() { return <section className="screen states-grid"><EmptyState icon={WifiOff} title="Offline" action="Retry"/><EmptyState icon={Lock} title="Permission denied" action="Back"/><EmptyState icon={Archive} title="Empty saved content" action="Open feed"/><EmptyState icon={RefreshCw} title="Session expired" action="Sign in"/></section>; }[31m
 [90m      |[31m          [31m[1m^[22m[31m[31m[1m^[22m[31m[31m[1m^[22m[31m[31m[1m^[22m[31m[31m[1m^[22m[31m[31m[1m^[22m[31m[31m[1m^[22m[31m[31m[1m^[22m[31m[31m[1m^[22m[31m[31m[1m^[22m[31m[31m[1m^[22m[31m[31m[1m^[22m[31m
 [90m 3102 |[31m [90mfunction LibraryBlock({ title, items }: {[31m
 [90m 3103 |[31m [90m    title: string;[31m
 [90m 3104 |[31m [90m    items: string[];[31m[0m[39m
  Plugin: [35mvite:react-babel[39m
  File: [36mD:/Learning/Javaaa/Learn_Backend/Spring_WebFlux/appp/social_media_FE/src/App.tsx[39m
      at File.buildCodeFrameError (D:\Learning\Javaaa\Learn_Backend\Spring_WebFlux\appp\social_media_FE\node_modules\@babel\core\lib\transformation\file\file.js:189:12)
      at Scope.checkBlockScopedCollisions (D:\Learning\Javaaa\Learn_Backend\Spring_WebFlux\appp\social_media_FE\node_modules\@babel\traverse\lib\scope\index.js:433:27)
      at Scope.registerBinding (D:\Learning\Javaaa\Learn_Backend\Spring_WebFlux\appp\social_media_FE\node_modules\@babel\traverse\lib\scope\index.js:530:16)
      at Scope.registerDeclaration (D:\Learning\Javaaa\Learn_Backend\Spring_WebFlux\appp\social_media_FE\node_modules\@babel\traverse\lib\scope\index.js:475:12)
      at Object.BlockScoped (D:\Learning\Javaaa\Learn_Backend\Spring_WebFlux\appp\social_media_FE\node_modules\@babel\traverse\lib\scope\index.js:276:12)
      at Object.newFn (D:\Learning\Javaaa\Learn_Backend\Spring_WebFlux\appp\social_media_FE\node_modules\@babel\traverse\lib\visitors.js:203:17)
      at NodePath._call (D:\Learning\Javaaa\Learn_Backend\Spring_WebFlux\appp\social_media_FE\node_modules\@babel\traverse\lib\path\context.js:50:20)
      at NodePath.call (D:\Learning\Javaaa\Learn_Backend\Spring_WebFlux\appp\social_media_FE\node_modules\@babel\traverse\lib\path\context.js:40:18)
      at NodePath.visit (D:\Learning\Javaaa\Learn_Backend\Spring_WebFlux\appp\social_media_FE\node_modules\@babel\traverse\lib\path\context.js:87:31)
      at TraversalContext.visitQueue (D:\Learning\Javaaa\Learn_Backend\Spring_WebFlux\appp\social_media_FE\node_modules\@babel\traverse\lib\context.js:96:16)
      at TraversalContext.visitMultiple (D:\Learning\Javaaa\Learn_Backend\Spring_WebFlux\appp\social_media_FE\node_modules\@babel\traverse\lib\context.js:68:17)
      at TraversalContext.visit (D:\Learning\Javaaa\Learn_Backend\Spring_WebFlux\appp\social_media_FE\node_modules\@babel\traverse\lib\context.js:117:19)
      at traverseNode (D:\Learning\Javaaa\Learn_Backend\Spring_WebFlux\appp\social_media_FE\node_modules\@babel\traverse\lib\traverse-node.js:130:17)
      at traverse (D:\Learning\Javaaa\Learn_Backend\Spring_WebFlux\appp\social_media_FE\node_modules\@babel\traverse\lib\index.js:53:34)
      at NodePath.traverse (D:\Learning\Javaaa\Learn_Backend\Spring_WebFlux\appp\social_media_FE\node_modules\@babel\traverse\lib\path\index.js:120:24)
      at Scope.crawl (D:\Learning\Javaaa\Learn_Backend\Spring_WebFlux\appp\social_media_FE\node_modules\@babel\traverse\lib\scope\index.js:695:10)
      at Scope.init (D:\Learning\Javaaa\Learn_Backend\Spring_WebFlux\appp\social_media_FE\node_modules\@babel\traverse\lib\scope\index.js:661:12)
      at NodePath.setScope (D:\Learning\Javaaa\Learn_Backend\Spring_WebFlux\appp\social_media_FE\node_modules\@babel\traverse\lib\path\context.js:139:55)
      at NodePath.setContext (D:\Learning\Javaaa\Learn_Backend\Spring_WebFlux\appp\social_media_FE\node_modules\@babel\traverse\lib\path\context.js:151:12)
      at new File (D:\Learning\Javaaa\Learn_Backend\Spring_WebFlux\appp\social_media_FE\node_modules\@babel\core\lib\transformation\file\file.js:80:8)
      at normalizeFile (D:\Learning\Javaaa\Learn_Backend\Spring_WebFlux\appp\social_media_FE\node_modules\@babel\core\lib\transformation\normalize-file.js:82:10)
      at normalizeFile.next (<anonymous>)
      at run (D:\Learning\Javaaa\Learn_Backend\Spring_WebFlux\appp\social_media_FE\node_modules\@babel\core\lib\transformation\index.js:22:50)
      at run.next (<anonymous>)
      at transform (D:\Learning\Javaaa\Learn_Backend\Spring_WebFlux\appp\social_media_FE\node_modules\@babel\core\lib\transform.js:22:33)
      at transform.next (<anonymous>)
      at step (D:\Learning\Javaaa\Learn_Backend\Spring_WebFlux\appp\social_media_FE\node_modules\gensync\index.js:261:32)
      at D:\Learning\Javaaa\Learn_Backend\Spring_WebFlux\appp\social_media_FE\node_modules\gensync\index.js:273:13
      at async.call.result.err.err (D:\Learning\Javaaa\Learn_Backend\Spring_WebFlux\appp\social_media_FE\node_modules\gensync\index.js:223:11)
      at D:\Learning\Javaaa\Learn_Backend\Spring_WebFlux\appp\social_media_FE\node_modules\gensync\index.js:189:28
      at D:\Learning\Javaaa\Learn_Backend\Spring_WebFlux\appp\social_media_FE\node_modules\@babel\core\lib\gensync-utils\async.js:67:7
      at D:\Learning\Javaaa\Learn_Backend\Spring_WebFlux\appp\social_media_FE\node_modules\gensync\index.js:113:33
      at step (D:\Learning\Javaaa\Learn_Backend\Spring_WebFlux\appp\social_media_FE\node_modules\gensync\index.js:287:14)
      at D:\Learning\Javaaa\Learn_Backend\Spring_WebFlux\appp\social_media_FE\node_modules\gensync\index.js:273:13
      at async.call.result.err.err (D:\Learning\Javaaa\Learn_Backend\Spring_WebFlux\appp\social_media_FE\node_modules\gensync\index.js:223:11)
[2m04:14:27[22m [31m[1m[vite][22m[39m [31mInternal server error: Duplicate declaration "SystemStates"
[0m [90m 3099 |[31m [90m}) { if (!post)[31m
 [90m 3100 |[31m [90m    return <div className="context-panel"><p className="eyebrow">Context</p><h3>No active post</h3><p>Open a post to see contextual actions.</p>{status === "error" && <button onClick={onOpenStates}><WifiOff size={18}/> System states</button>}</div>; return <div className="context-panel"><p className="eyebrow">Context</p><h3>{post.author.displayName}</h3><p>{post.caption}</p><div className="context-stats"><span>{post.engagement.likes} likes</span><span>{post.engagement.comments} comments</span></div>{status === "error" && <button onClick={onOpenStates}><WifiOff size={18}/> System states</button>}</div>; }[31m
[31m[1m>[22m[31m[90m 3101 |[31m [90mfunction SystemStates() { return <section className="screen states-grid"><EmptyState icon={WifiOff} title="Offline" action="Retry"/><EmptyState icon={Lock} title="Permission denied" action="Back"/><EmptyState icon={Archive} title="Empty saved content" action="Open feed"/><EmptyState icon={RefreshCw} title="Session expired" action="Sign in"/></section>; }[31m
 [90m      |[31m          [31m[1m^[22m[31m[31m[1m^[22m[31m[31m[1m^[22m[31m[31m[1m^[22m[31m[31m[1m^[22m[31m[31m[1m^[22m[31m[31m[1m^[22m[31m[31m[1m^[22m[31m[31m[1m^[22m[31m[31m[1m^[22m[31m[31m[1m^[22m[31m[31m[1m^[22m[31m
 [90m 3102 |[31m [90mfunction LibraryBlock({ title, items }: {[31m
 [90m 3103 |[31m [90m    title: string;[31m
 [90m 3104 |[31m [90m    items: string[];[31m[0m[39m
  Plugin: [35mvite:react-babel[39m
  File: [36mD:/Learning/Javaaa/Learn_Backend/Spring_WebFlux/appp/social_media_FE/src/App.tsx[39m
      at File.buildCodeFrameError (D:\Learning\Javaaa\Learn_Backend\Spring_WebFlux\appp\social_media_FE\node_modules\@babel\core\lib\transformation\file\file.js:189:12)
      at Scope.checkBlockScopedCollisions (D:\Learning\Javaaa\Learn_Backend\Spring_WebFlux\appp\social_media_FE\node_modules\@babel\traverse\lib\scope\index.js:433:27)
      at Scope.registerBinding (D:\Learning\Javaaa\Learn_Backend\Spring_WebFlux\appp\social_media_FE\node_modules\@babel\traverse\lib\scope\index.js:530:16)
      at Scope.registerDeclaration (D:\Learning\Javaaa\Learn_Backend\Spring_WebFlux\appp\social_media_FE\node_modules\@babel\traverse\lib\scope\index.js:475:12)
      at Object.BlockScoped (D:\Learning\Javaaa\Learn_Backend\Spring_WebFlux\appp\social_media_FE\node_modules\@babel\traverse\lib\scope\index.js:276:12)
      at Object.newFn (D:\Learning\Javaaa\Learn_Backend\Spring_WebFlux\appp\social_media_FE\node_modules\@babel\traverse\lib\visitors.js:203:17)
      at NodePath._call (D:\Learning\Javaaa\Learn_Backend\Spring_WebFlux\appp\social_media_FE\node_modules\@babel\traverse\lib\path\context.js:50:20)
      at NodePath.call (D:\Learning\Javaaa\Learn_Backend\Spring_WebFlux\appp\social_media_FE\node_modules\@babel\traverse\lib\path\context.js:40:18)
      at NodePath.visit (D:\Learning\Javaaa\Learn_Backend\Spring_WebFlux\appp\social_media_FE\node_modules\@babel\traverse\lib\path\context.js:87:31)
      at TraversalContext.visitQueue (D:\Learning\Javaaa\Learn_Backend\Spring_WebFlux\appp\social_media_FE\node_modules\@babel\traverse\lib\context.js:96:16)
      at TraversalContext.visitMultiple (D:\Learning\Javaaa\Learn_Backend\Spring_WebFlux\appp\social_media_FE\node_modules\@babel\traverse\lib\context.js:68:17)
      at TraversalContext.visit (D:\Learning\Javaaa\Learn_Backend\Spring_WebFlux\appp\social_media_FE\node_modules\@babel\traverse\lib\context.js:117:19)
      at traverseNode (D:\Learning\Javaaa\Learn_Backend\Spring_WebFlux\appp\social_media_FE\node_modules\@babel\traverse\lib\traverse-node.js:130:17)
      at traverse (D:\Learning\Javaaa\Learn_Backend\Spring_WebFlux\appp\social_media_FE\node_modules\@babel\traverse\lib\index.js:53:34)
      at NodePath.traverse (D:\Learning\Javaaa\Learn_Backend\Spring_WebFlux\appp\social_media_FE\node_modules\@babel\traverse\lib\path\index.js:120:24)
      at Scope.crawl (D:\Learning\Javaaa\Learn_Backend\Spring_WebFlux\appp\social_media_FE\node_modules\@babel\traverse\lib\scope\index.js:695:10)
      at Scope.init (D:\Learning\Javaaa\Learn_Backend\Spring_WebFlux\appp\social_media_FE\node_modules\@babel\traverse\lib\scope\index.js:661:12)
      at NodePath.setScope (D:\Learning\Javaaa\Learn_Backend\Spring_WebFlux\appp\social_media_FE\node_modules\@babel\traverse\lib\path\context.js:139:55)
      at NodePath.setContext (D:\Learning\Javaaa\Learn_Backend\Spring_WebFlux\appp\social_media_FE\node_modules\@babel\traverse\lib\path\context.js:151:12)
      at new File (D:\Learning\Javaaa\Learn_Backend\Spring_WebFlux\appp\social_media_FE\node_modules\@babel\core\lib\transformation\file\file.js:80:8)
      at normalizeFile (D:\Learning\Javaaa\Learn_Backend\Spring_WebFlux\appp\social_media_FE\node_modules\@babel\core\lib\transformation\normalize-file.js:82:10)
      at normalizeFile.next (<anonymous>)
      at run (D:\Learning\Javaaa\Learn_Backend\Spring_WebFlux\appp\social_media_FE\node_modules\@babel\core\lib\transformation\index.js:22:50)
      at run.next (<anonymous>)
      at transform (D:\Learning\Javaaa\Learn_Backend\Spring_WebFlux\appp\social_media_FE\node_modules\@babel\core\lib\transform.js:22:33)
      at transform.next (<anonymous>)
      at step (D:\Learning\Javaaa\Learn_Backend\Spring_WebFlux\appp\social_media_FE\node_modules\gensync\index.js:261:32)
      at D:\Learning\Javaaa\Learn_Backend\Spring_WebFlux\appp\social_media_FE\node_modules\gensync\index.js:273:13
      at async.call.result.err.err (D:\Learning\Javaaa\Learn_Backend\Spring_WebFlux\appp\social_media_FE\node_modules\gensync\index.js:223:11)
      at D:\Learning\Javaaa\Learn_Backend\Spring_WebFlux\appp\social_media_FE\node_modules\gensync\index.js:189:28
      at D:\Learning\Javaaa\Learn_Backend\Spring_WebFlux\appp\social_media_FE\node_modules\@babel\core\lib\gensync-utils\async.js:67:7
      at D:\Learning\Javaaa\Learn_Backend\Spring_WebFlux\appp\social_media_FE\node_modules\gensync\index.js:113:33
      at step (D:\Learning\Javaaa\Learn_Backend\Spring_WebFlux\appp\social_media_FE\node_modules\gensync\index.js:287:14)
      at D:\Learning\Javaaa\Learn_Backend\Spring_WebFlux\appp\social_media_FE\node_modules\gensync\index.js:273:13
      at async.call.result.err.err (D:\Learning\Javaaa\Learn_Backend\Spring_WebFlux\appp\social_media_FE\node_modules\gensync\index.js:223:11)
